Px,Py,Pz
2,0.02,0,-2.99969,0
1.99975,0.04,0,-2.999,0.01
1.99925,0.0599975,0,-2.99831,0.02
1.9985,0.07999,0,-2.99763,0.03
1.9975,0.099975,0,-2.99694,0.04
1.99625,0.11995,0,-2.99625,0.05
1.99475,0.139913,0,-2.99556,0.06
1.993,0.15986,0,-2.99488,0.07
1.991,0.17979,0,-2.99419,0.08
1.98876,0.1997,0,-2.9935,0.09
1.98626,0.219588,0,-2.99281,0.1
1.98351,0.23945,0,-2.99212,0.11
1.98052,0.259285,0,-2.99143,0.12
1.97728,0.27909,0,-2.99074,0.13
1.97378,0.298862,0,-2.99005,0.14
1.97004,0.3186,0,-2.98936,0.15
1.96606,0.3383,0,-2.98867,0.16
1.96182,0.357959,0,-2.98798,0.17
1.95734,0.377576,0,-2.98728,0.18
1.9526,0.397148,0,-2.98659,0.19
1.94763,0.416673,0,-2.98589,0.2
1.9424,0.436147,0,-2.9852,0.21
1.93693,0.455568,0,-2.9845,0.22
1.93121,0.474934,0,-2.9838,0.23
1.92525,0.494243,0,-2.9831,0.24
1.91904,0.51349,0,-2.98239,0.25
1.91258,0.532675,0,-2.98169,0.26
1.90588,0.551795,0,-2.98098,0.27
1.89894,0.570846,0,-2.98028,0.28
1.89175,0.589827,0,-2.97957,0.29
1.88432,0.608734,0,-2.97886,0.3
1.87665,0.627566,0,-2.97814,0.31
1.86873,0.64632,0,-2.97743,0.32
1.86057,0.664992,0,-2.97671,0.33
1.85217,0.683581,0,-2.976,0.34
1.84353,0.702083,0,-2.97527,0.35
1.83465,0.720497,0,-2.97455,0.36
1.82552,0.738819,0,-2.97383,0.37
1.81616,0.757047,0,-2.9731,0.38
1.80656,0.775179,0,-2.97237,0.39
1.79672,0.793211,0,-2.97164,0.4
1.78664,0.811141,0,-2.9709,0.41
1.77633,0.828966,0,-2.97016,0.42
1.76577,0.846684,0,-2.96942,0.43
1.75499,0.864292,0,-2.96868,0.44
1.74396,0.881787,0,-2.96794,0.45
1.73271,0.899166,0,-2.96719,0.46
1.72122,0.916428,0,-2.96643,0.47
1.70949,0.933569,0,-2.96568,0.48
1.69754,0.950586,0,-2.96492,0.49
1.68535,0.967476,0,-2.96416,0.5
1.67293,0.984238,0,-2.96339,0.51
1.66029,1.00087,0,-2.96262,0.52
1.64741,1.01736,0,-2.96185,0.53
1.63431,1.03372,0,-2.96108,0.54
1.62098,1.04994,0,-2.9603,0.55
1.60742,1.06601,0,-2.95951,0.56
1.59364,1.08194,0,-2.95873,0.57
1.57963,1.09772,0,-2.95794,0.58
1.5654,1.11335,0,-2.95714,0.59
1.55095,1.12883,0,-2.95634,0.6
1.53628,1.14414,0,-2.95554,0.61
1.52139,1.1593,0,-2.95473,0.62
1.50628,1.1743,0,-2.95392,0.63
1.49095,1.18913,0,-2.9531,0.64
1.47541,1.20379,0,-2.95228,0.65
1.45965,1.21828,0,-2.95145,0.66
1.44368,1.23259,0,-2.95062,0.67
1.4275,1.24673,0,-2.94979,0.68
1.4111,1.26069,0,-2.94895,0.69
1.3945,1.27446,0,-2.9481,0.7
1.37768,1.28805,0,-2.94725,0.71
1.36066,1.30145,0,-2.94639,0.72
1.34344,1.31466,0,-2.94553,0.73
1.32601,1.32767,0,-2.94466,0.74
1.30838,1.34048,0,-2.94379,0.75
1.29054,1.3531,0,-2.94291,0.76
1.27251,1.36551,0,-2.94203,0.77
1.25428,1.37771,0,-2.94114,0.78
1.23586,1.3897,0,-2.94024,0.79
1.21724,1.40148,0,-2.93934,0.8
1.19843,1.41305,0,-2.93843,0.81
1.17943,1.42439,0,-2.93752,0.82
1.16024,1.43551,0,-2.9366,0.83
1.14086,1.44641,0,-2.93567,0.839999
1.1213,1.45708,0,-2.93473,0.849999
1.10156,1.46752,0,-2.93379,0.859999
1.08164,1.47772,0,-2.93284,0.869999
1.06154,1.48768,0,-2.93189,0.879999
1.04126,1.49741,0,-2.93093,0.889999
1.02081,1.50689,0,-2.92996,0.899999
1.00018,1.51612,0,-2.92898,0.909999
0.979391,1.52511,0,-2.928,0.919999
0.958432,1.53384,0,-2.92701,0.929999
0.937308,1.54231,0,-2.92601,0.939999
0.916022,1.55053,0,-2.925,0.949999
0.894577,1.55848,0,-2.92398,0.959999
0.872975,1.56617,0,-2.92296,0.969999
0.851218,1.57359,0,-2.92193,0.979999
0.829311,1.58074,0,-2.92089,0.989999
0.807254,1.58761,0,-2.91984,0.999999
0.785052,1.59421,0,-2.91878,1.01
0.762707,1.60052,0,-2.91772,1.02
0.740222,1.60655,0,-2.91665,1.03
0.7176,1.6123,0,-2.91556,1.04
0.694845,1.61775,0,-2.91447,1.05
0.671959,1.62291,0,-2.91337,1.06
0.648945,1.62777,0,-2.91226,1.07
0.625808,1.63233,0,-2.91114,1.08
0.60255,1.63659,0,-2.91001,1.09
0.579175,1.64055,0,-2.90887,1.1
0.555686,1.6442,0,-2.90772,1.11
0.532087,1.64753,0,-2.90656,1.12
0.508382,1.65055,0,-2.9054,1.13
0.484574,1.65326,0,-2.90422,1.14
0.460668,1.65564,0,-2.90303,1.15
0.436667,1.6577,0,-2.90183,1.16
0.412575,1.65943,0,-2.90062,1.17
0.388397,1.66084,0,-2.8994,1.18
0.364136,1.66191,0,-2.89817,1.19
0.339797,1.66265,0,-2.89693,1.2
0.315384,1.66305,0,-2.89567,1.21
0.290901,1.66311,0,-2.89441,1.22
0.266353,1.66282,0,-2.89314,1.23
0.241745,1.6622,0,-2.89185,1.24
0.217081,1.66122,0,-2.89055,1.25
0.192366,1.65989,0,-2.88924,1.26
0.167605,1.65821,0,-2.88792,1.27
0.142803,1.65617,0,-2.88659,1.28
0.117964,1.65378,0,-2.88524,1.29
0.0930945,1.65102,0,-2.88389,1.3
0.068199,1.64791,0,-2.88252,1.31
0.0432829,1.64442,0,-2.88114,1.32
0.0183516,1.64057,0,-2.87974,1.33
-0.00658948,1.63635,0,-2.87834,1.34
-0.0315347,1.63176,0,-2.87692,1.35
-0.0564784,1.6268,0,-2.87549,1.36
-0.0814148,1.62146,0,-2.87405,1.37
-0.106338,1.61574,0,-2.87259,1.38
-0.131242,1.60964,0,-2.87112,1.39
-0.156122,1.60317,0,-2.86964,1.4
-0.18097,1.59631,0,-2.86815,1.41
-0.205781,1.58907,0,-2.86664,1.42
-0.230548,1.58144,0,-2.86512,1.43
-0.255265,1.57342,0,-2.86359,1.44
-0.279925,1.56502,0,-2.86204,1.45
-0.304523,1.55623,0,-2.86048,1.46
-0.329051,1.54705,0,-2.85891,1.47
-0.353502,1.53749,0,-2.85733,1.48
-0.377871,1.52752,0,-2.85573,1.49
-0.402149,1.51717,0,-2.85412,1.5
-0.42633,1.50643,0,-2.85249,1.51
-0.450408,1.49529,0,-2.85086,1.52
-0.474374,1.48376,0,-2.84921,1.53
-0.498222,1.47184,0,-2.84754,1.54
-0.521945,1.45953,0,-2.84587,1.55
-0.545534,1.44682,0,-2.84418,1.56
-0.568984,1.43372,0,-2.84247,1.57
-0.592286,1.42023,0,-2.84076,1.58
-0.615433,1.40635,0,-2.83903,1.59
-0.638417,1.39208,0,-2.83729,1.6
-0.661232,1.37742,0,-2.83553,1.61
-0.683868,1.36238,0,-2.83377,1.62
-0.70632,1.34695,0,-2.83199,1.63
-0.728578,1.33113,0,-2.8302,1.64
-0.750635,1.31493,0,-2.82839,1.65
-0.772484,1.29835,0,-2.82658,1.66
-0.794116,1.28139,0,-2.82475,1.67
-0.815525,1.26405,0,-2.82291,1.68
-0.836702,1.24634,0,-2.82106,1.69
-0.857639,1.22826,0,-2.8192,1.7
-0.878329,1.20981,0,-2.81732,1.71
-0.898764,1.19099,0,-2.81544,1.72
-0.918936,1.17182,0,-2.81354,1.73
-0.938837,1.15228,0,-2.81163,1.74
-0.95846,1.13239,0,-2.80972,1.75
-0.977797,1.11215,0,-2.80779,1.76
-0.996841,1.09156,0,-2.80585,1.77
-1.01558,1.07063,0,-2.8039,1.78
-1.03402,1.04936,0,-2.80194,1.79
-1.05214,1.02776,0,-2.79998,1.8
-1.06993,1.00583,0,-2.798,1.81
-1.08739,0.983573,0,-2.79602,1.82
-1.10452,0.961002,0,-2.79402,1.83
-1.1213,0.938119,0,-2.79202,1.84
-1.13773,0.91493,0,-2.79001,1.85
-1.1538,0.891441,0,-2.78799,1.86
-1.1695,0.867657,0,-2.78597,1.87
-1.18484,0.843586,0,-2.78394,1.88
-1.19979,0.819234,0,-2.7819,1.89
-1.21436,0.794608,0,-2.77986,1.9
-1.22854,0.769715,0,-2.77781,1.91
-1.24232,0.744561,0,-2.77575,1.92
-1.25569,0.719155,0,-2.77369,1.93
-1.26866,0.693504,0,-2.77163,1.94
-1.28121,0.667616,0,-2.76956,1.95
-1.29335,0.641498,0,-2.76749,1.96
-1.30506,0.615159,0,-2.76541,1.97
-1.31634,0.588606,0,-2.76333,1.98
-1.32718,0.561849,0,-2.76125,1.99
-1.33759,0.534896,0,-2.75917,2
-1.34755,0.507754,0,-2.75708,2.01
-1.35706,0.480434,0,-2.75499,2.02
-1.36613,0.452944,0,-2.7529,2.03
-1.37473,0.425293,0,-2.75081,2.04
-1.38289,0.39749,0,-2.74872,2.05
-1.39057,0.369544,0,-2.74663,2.06
-1.3978,0.341464,0,-2.74454,2.07
-1.40456,0.313261,0,-2.74246,2.08
-1.41085,0.284943,0,-2.74037,2.09
-1.41666,0.25652,0,-2.73828,2.1
-1.42201,0.228001,0,-2.7362,2.11
-1.42688,0.199397,0,-2.73412,2.12
-1.43127,0.170716,0,-2.73205,2.13
-1.43519,0.141968,0,-2.72997,2.14
-1.43863,0.113163,0,-2.7279,2.15
-1.44159,0.0843114,0,-2.72584,2.16
-1.44407,0.0554218,0,-2.72378,2.17
-1.44607,0.0265042,0,-2.72172,2.18
-1.44759,-0.0024318,0,-2.71967,2.19
-1.44864,-0.0313766,0,-2.71763,2.2
-1.44921,-0.0603205,0,-2.71559,2.21
-1.4493,-0.0892541,0,-2.71356,2.22
-1.44892,-0.118168,0,-2.71154,2.23
-1.44806,-0.147053,0,-2.70952,2.24
-1.44674,-0.175899,0,-2.70751,2.25
-1.44494,-0.204698,0,-2.70551,2.26
-1.44267,-0.233439,0,-2.70352,2.27
-1.43995,-0.262115,0,-2.70154,2.28
-1.43675,-0.290716,0,-2.69956,2.29
-1.4331,-0.319234,0,-2.6976,2.3
-1.429,-0.347659,0,-2.69564,2.31
-1.42444,-0.375983,0,-2.6937,2.32
-1.41943,-0.404198,0,-2.69176,2.33
-1.41398,-0.432296,0,-2.68984,2.34
-1.40808,-0.460267,0,-2.68793,2.35
-1.40175,-0.488105,0,-2.68602,2.36
-1.39498,-0.515802,0,-2.68413,2.37
-1.38778,-0.543349,0,-2.68226,2.38
-1.38017,-0.570739,0,-2.68039,2.39
-1.37213,-0.597965,0,-2.67853,2.4
-1.36367,-0.62502,0,-2.67669,2.41
-1.35481,-0.651897,0,-2.67486,2.42
-1.34555,-0.678588,0,-2.67304,2.43
-1.33588,-0.705088,0,-2.67124,2.44
-1.32583,-0.731389,0,-2.66945,2.45
-1.31538,-0.757486,0,-2.66767,2.46
-1.30455,-0.783372,0,-2.66591,2.47
-1.29335,-0.809041,0,-2.66416,2.48
-1.28178,-0.834489,0,-2.66242,2.49
-1.26984,-0.859708,0,-2.6607,2.5
-1.25754,-0.884694,0,-2.65899,2.51
-1.2449,-0.909441,0,-2.65729,2.52
-1.2319,-0.933946,0,-2.65561,2.53
-1.21857,-0.958202,0,-2.65394,2.54
-1.2049,-0.982205,0,-2.65229,2.55
-1.19091,-1.00595,0,-2.65065,2.56
-1.17659,-1.02944,0,-2.64903,2.57
-1.16196,-1.05265,0,-2.64742,2.58
-1.14703,-1.0756,0,-2.64583,2.59
-1.13179,-1.09828,0,-2.64425,2.6
-1.11625,-1.12068,0,-2.64269,2.61
-1.10043,-1.1428,0,-2.64114,2.62
-1.08433,-1.16464,0,-2.6396,2.63
-1.06795,-1.18619,0,-2.63808,2.64
-1.0513,-1.20745,0,-2.63657,2.65
-1.03439,-1.22842,0,-2.63508,2.66
-1.01722,-1.24909,0,-2.63361,2.67
-0.9998,-1.26947,0,-2.63215,2.68
-0.982139,-1.28955,0,-2.6307,2.69
-0.964241,-1.30933,0,-2.62927,2.7
-0.946113,-1.32881,0,-2.62785,2.71
-0.92776,-1.34798,0,-2.62644,2.72
-0.909189,-1.36685,0,-2.62506,2.73
-0.890406,-1.38541,0,-2.62368,2.74
-0.871418,-1.40365,0,-2.62232,2.75
-0.852231,-1.42159,0,-2.62097,2.76
-0.83285,-1.43922,0,-2.61964,2.77
-0.813283,-1.45654,0,-2.61833,2.78
-0.793534,-1.47354,0,-2.61702,2.79
-0.77361,-1.49023,0,-2.61573,2.8
-0.753516,-1.5066,0,-2.61446,2.81
-0.733259,-1.52266,0,-2.61319,2.82
-0.712845,-1.53841,0,-2.61195,2.83
-0.692279,-1.55384,0,-2.61071,2.84
-0.671566,-1.56895,0,-2.60949,2.85
-0.650713,-1.58375,0,-2.60828,2.86
-0.629725,-1.59823,0,-2.60709,2.87
-0.608607,-1.6124,0,-2.6059,2.88
-0.587364,-1.62625,0,-2.60474,2.89
-0.566003,-1.63978,0,-2.60358,2.9
-0.544529,-1.653,0,-2.60244,2.91
-0.522945,-1.66591,0,-2.60131,2.92
-0.501259,-1.67851,0,-2.60019,2.93
-0.479474,-1.69079,0,-2.59908,2.94
-0.457596,-1.70276,0,-2.59799,2.95
-0.43563,-1.71441,0,-2.59691,2.96
-0.41358,-1.72576,0,-2.59584,2.97
-0.391452,-1.7368,0,-2.59478,2.98
-0.36925,-1.74753,0,-2.59374,2.99
-0.346978,-1.75795,0,-2.5927,3
-0.324641,-1.76806,0,-2.59168,3.01
-0.302244,-1.77787,0,-2.59067,3.02
-0.279791,-1.78737,0,-2.58967,3.03
-0.257287,-1.79657,0,-2.58868,3.04
-0.234736,-1.80547,0,-2.58771,3.05
-0.212141,-1.81407,0,-2.58674,3.06
-0.189507,-1.82237,0,-2.58578,3.07
-0.166839,-1.83037,0,-2.58484,3.08
-0.14414,-1.83807,0,-2.5839,3.09
-0.121414,-1.84548,0,-2.58298,3.1
-0.0986649,-1.8526,0,-2.58206,3.11
-0.0758967,-1.85943,0,-2.58116,3.12
-0.053113,-1.86596,0,-2.58027,3.13
-0.0303176,-1.87221,0,-2.57938,3.14
-0.00751394,-1.87817,0,-2.57851,3.15
0.0152943,-1.88384,0,-2.57764,3.16
0.0381036,-1.88923,0,-2.57678,3.17
0.0609107,-1.89434,0,-2.57594,3.18
0.0837121,-1.89917,0,-2.5751,3.19
0.106505,-1.90372,0,-2.57427,3.2
0.129285,-1.908,0,-2.57345,3.21
0.15205,-1.912,0,-2.57264,3.22
0.174796,-1.91573,0,-2.57184,3.23
0.197521,-1.91918,0,-2.57104,3.24
0.220222,-1.92237,0,-2.57026,3.25
0.242894,-1.92529,0,-2.56948,3.26
0.265537,-1.92794,0,-2.56871,3.27
0.288146,-1.93033,0,-2.56795,3.28
0.310719,-1.93246,0,-2.5672,3.29
0.333254,-1.93433,0,-2.56645,3.3
0.355747,-1.93595,0,-2.56572,3.31
0.378195,-1.9373,0,-2.56499,3.32
0.400598,-1.93841,0,-2.56426,3.33
0.422951,-1.93926,0,-2.56355,3.34
0.445252,-1.93986,0,-2.56284,3.35
0.4675,-1.94021,0,-2.56214,3.36
0.48969,-1.94032,0,-2.56145,3.37
0.511823,-1.94018,0,-2.56076,3.38
0.533893,-1.9398,0,-2.56008,3.39
0.555901,-1.93918,0,-2.55941,3.4
0.577843,-1.93832,0,-2.55874,3.41
0.599717,-1.93723,0,-2.55808,3.42
0.621522,-1.9359,0,-2.55743,3.43
0.643254,-1.93434,0,-2.55678,3.44
0.664913,-1.93255,0,-2.55614,3.45
0.686496,-1.93053,0,-2.55551,3.46
0.708001,-1.92828,0,-2.55488,3.47
0.729426,-1.92581,0,-2.55426,3.48
0.750769,-1.92312,0,-2.55364,3.49
0.772029,-1.92021,0,-2.55303,3.5
0.793203,-1.91707,0,-2.55242,3.51
0.814291,-1.91373,0,-2.55182,3.52
0.835289,-1.91016,0,-2.55123,3.53
0.856197,-1.90639,0,-2.55064,3.54
0.877013,-1.9024,0,-2.55006,3.55
0.897735,-1.8982,0,-2.54948,3.56
0.918362,-1.8938,0,-2.54891,3.57
0.938891,-1.88919,0,-2.54834,3.58
0.959323,-1.88438,0,-2.54778,3.59
0.979654,-1.87937,0,-2.54722,3.6
0.999883,-1.87416,0,-2.54667,3.61
1.02001,-1.86875,0,-2.54612,3.62
1.04003,-1.86315,0,-2.54558,3.63
1.05995,-1.85735,0,-2.54504,3.64
1.07976,-1.85136,0,-2.5445,3.65
1.09946,-1.84518,0,-2.54398,3.66
1.11905,-1.83881,0,-2.54345,3.67
1.13853,-1.83226,0,-2.54293,3.68
1.1579,-1.82552,0,-2.54241,3.69
1.17716,-1.8186,0,-2.5419,3.7
1.1963,-1.8115,0,-2.54139,3.71
1.21532,-1.80422,0,-2.54089,3.72
1.23423,-1.79676,0,-2.54039,3.73
1.25302,-1.78913,0,-2.53989,3.74
1.27169,-1.78133,0,-2.5394,3.75
1.29024,-1.77335,0,-2.53891,3.76
1.30867,-1.7652,0,-2.53843,3.77
1.32698,-1.75689,0,-2.53795,3.78
1.34516,-1.7484,0,-2.53747,3.79
1.36322,-1.73976,0,-2.537,3.8
1.38115,-1.73095,0,-2.53653,3.81
1.39896,-1.72198,0,-2.53606,3.82
1.41664,-1.71285,0,-2.5356,3.83
1.43419,-1.70356,0,-2.53514,3.84
1.45162,-1.69412,0,-2.53469,3.85
1.46891,-1.68452,0,-2.53423,3.86
1.48607,-1.67477,0,-2.53378,3.87
1.5031,-1.66487,0,-2.53334,3.88
1.52,-1.65481,0,-2.53289,3.89
1.53677,-1.64462,0,-2.53246,3.9
1.5534,-1.63427,0,-2.53202,3.91
1.56989,-1.62378,0,-2.53158,3.92
1.58626,-1.61315,0,-2.53115,3.93
1.60248,-1.60238,0,-2.53073,3.94
1.61857,-1.59147,0,-2.5303,3.95
1.63452,-1.58042,0,-2.52988,3.96
1.65033,-1.56924,0,-2.52946,3.97
1.666,-1.55792,0,-2.52904,3.98
1.68154,-1.54647,0,-2.52862,3.99
1.69693,-1.53488,0,-2.52821,4
1.71218,-1.52317,0,-2.5278,4.01
1.72729,-1.51133,0,-2.5274,4.02
1.74226,-1.49936,0,-2.52699,4.03
1.75708,-1.48727,0,-2.52659,4.04
1.77176,-1.47505,0,-2.52619,4.05
1.7863,-1.46271,0,-2.52579,4.06
1.80069,-1.45026,0,-2.5254,4.07
1.81494,-1.43768,0,-2.525,4.08
1.82904,-1.42498,0,-2.52461,4.09
1.843,-1.41217,0,-2.52423,4.1
1.85681,-1.39925,0,-2.52384,4.11
1.87047,-1.38621,0,-2.52346,4.12
1.88398,-1.37306,0,-2.52307,4.13
1.89735,-1.3598,0,-2.52269,4.14
1.91057,-1.34644,0,-2.52232,4.15
1.92363,-1.33296,0,-2.52194,4.16
1.93655,-1.31938,0,-2.52157,4.17
1.94932,-1.3057,0,-2.5212,4.18
1.96194,-1.29191,0,-2.52082,4.19
1.97441,-1.27803,0,-2.52046,4.2
1.98672,-1.26404,0,-2.52009,4.21
1.99888,-1.24995,0,-2.51972,4.22
2.0109,-1.23577,0,-2.51936,4.23
2.02275,-1.22149,0,-2.519,4.24
2.03446,-1.20712,0,-2.51864,4.25
2.04601,-1.19266,0,-2.51828,4.26
2.05741,-1.1781,0,-2.51793,4.27
2.06866,-1.16346,0,-2.51757,4.28
2.07975,-1.14873,0,-2.51722,4.29
2.09068,-1.13391,0,-2.51687,4.3
2.10146,-1.119,0,-2.51652,4.31
2.11209,-1.10401,0,-2.51617,4.32
2.12256,-1.08894,0,-2.51582,4.33
2.13287,-1.07378,0,-2.51547,4.34
2.14303,-1.05855,0,-2.51513,4.35
2.15303,-1.04323,0,-2.51479,4.36
2.16287,-1.02784,0,-2.51445,4.37001
2.17256,-1.01237,0,-2.5141,4.38001
2.18209,-0.996832,0,-2.51377,4.39001
2.19146,-0.981217,0,-2.51343,4.40001
2.20067,-0.965529,0,-2.51309,4.41001
2.20973,-0.94977,0,-2.51275,4.42001
2.21863,-0.933941,0,-2.51242,4.43001
2.22736,-0.918044,0,-2.51209,4.44001
2.23594,-0.902081,0,-2.51175,4.45001
2.24436,-0.886051,0,-2.51142,4.46001
2.25262,-0.869958,0,-2.51109,4.47001
2.26072,-0.853801,0,-2.51077,4.48001
2.26866,-0.837582,0,-2.51044,4.49001
2.27644,-0.821303,0,-2.51011,4.50001
2.28406,-0.804965,0,-2.50978,4.51001
2.29152,-0.788569,0,-2.50946,4.52001
2.29882,-0.772116,0,-2.50914,4.53001
2.30595,-0.755608,0,-2.50881,4.54001
2.31293,-0.739045,0,-2.50849,4.55001
2.31974,-0.72243,0,-2.50817,4.56001
2.32639,-0.705763,0,-2.50785,4.57001
2.33289,-0.689046,0,-2.50753,4.58001
2.33921,-0.672279,0,-2.50721,4.59001
2.34538,-0.655465,0,-2.50689,4.60001
2.35139,-0.638604,0,-2.50657,4.61001
2.35723,-0.621698,0,-2.50626,4.62001
2.36291,-0.604747,0,-2.50594,4.63001
2.36843,-0.587754,0,-2.50562,4.64001
2.37378,-0.570719,0,-2.50531,4.65001
2.37897,-0.553643,0,-2.50499,4.66001
2.384,-0.536528,0,-2.50468,4.67001
2.38886,-0.519376,0,-2.50437,4.68001
2.39356,-0.502186,0,-2.50405,4.69001
2.3981,-0.484961,0,-2.50374,4.70001
2.40248,-0.467702,0,-2.50343,4.71001
2.40669,-0.450409,0,-2.50312,4.72001
2.41073,-0.433085,0,-2.50281,4.73001
2.41462,-0.41573,0,-2.5025,4.74001
2.41834,-0.398345,0,-2.50219,4.75001
2.42189,-0.380933,0,-2.50188,4.76001
2.42528,-0.363493,0,-2.50157,4.77001
2.42851,-0.346027,0,-2.50126,4.78001
2.43157,-0.328537,0,-2.50096,4.79001
2.43447,-0.311023,0,-2.50065,4.80001
2.4372,-0.293487,0,-2.50034,4.81002
2.43977,-0.27593,0,-2.50003,4.82002
2.44217,-0.258353,0,-2.49973,4.83002
2.44441,-0.240757,0,-2.49942,4.84002
2.44648,-0.223144,0,-2.49911,4.85002
2.44839,-0.205515,0,-2.49881,4.86002
2.45013,-0.187871,0,-2.4985,4.87002
2.45171,-0.170213,0,-2.4982,4.88002
2.45312,-0.152542,0,-2.49789,4.89002
2.45437,-0.13486,0,-2.49759,4.90002
2.45545,-0.117167,0,-2.49728,4.91002
2.45637,-0.0994655,0,-2.49698,4.92002
2.45712,-0.081756,0,-2.49667,4.93002
2.45771,-0.0640397,0,-2.49637,4.94002
2.45813,-0.046318,0,-2.49606,4.95002
2.45839,-0.028592,0,-2.49576,4.96002
2.45848,-0.0108629,0,-2.49545,4.97002
2.4584,0.0068682,0,-2.49515,4.98002
2.45816,0.0246,0,-2.49484,4.99002
2.45776,0.0423313,0,-2.49454,5.00002
2.45719,0.060061,0,-2.49423,5.01002
2.45645,0.0777878,0,-2.49393,5.02002
2.45555,0.0955106,0,-2.49362,5.03002
2.45448,0.113228,0,-2.49332,5.04002
2.45325,0.130939,0,-2.49301,5.05002
2.45185,0.148643,0,-2.49271,5.06002
2.45028,0.166337,0,-2.4924,5.07002
2.44855,0.184022,0,-2.4921,5.08002
2.44666,0.201695,0,-2.49179,5.09002
2.4446,0.219356,0,-2.49148,5.10002
2.44237,0.237004,0,-2.49118,5.11002
2.43998,0.254636,0,-2.49087,5.12002
2.43743,0.272253,0,-2.49056,5.13002
2.43471,0.289852,0,-2.49026,5.14002
2.43182,0.307433,0,-2.48995,5.15002
2.42877,0.324994,0,-2.48964,5.16002
2.42555,0.342534,0,-2.48933,5.17002
2.42217,0.360052,0,-2.48902,5.18002
2.41862,0.377547,0,-2.48871,5.19002
2.41491,0.395017,0,-2.4884,5.20002
2.41103,0.412462,0,-2.48809,5.21002
2.40699,0.429879,0,-2.48778,5.22002
2.40278,0.447269,0,-2.48747,5.23002
2.39841,0.464629,0,-2.48716,5.24003
2.39388,0.481958,0,-2.48685,5.25003
2.38918,0.499255,0,-2.48653,5.26003
2.38431,0.51652,0,-2.48622,5.27003
2.37928,0.53375,0,-2.48591,5.28003
2.37409,0.550945,0,-2.48559,5.29003
2.36873,0.568102,0,-2.48528,5.30003
2.36321,0.585222,0,-2.48496,5.31003
2.35753,0.602302,0,-2.48465,5.32003
2.35168,0.619342,0,-2.48433,5.33003
2.34566,0.63634,0,-2.48401,5.34003
2.33949,0.653295,0,-2.48369,5.35003
2.33315,0.670205,0,-2.48337,5.36003
2.32665,0.68707,0,-2.48305,5.37003
2.31998,0.703888,0,-2.48273,5.38003
2.31315,0.720658,0,-2.48241,5.39003
2.30616,0.737379,0,-2.48209,5.40003
2.29901,0.754049,0,-2.48177,5.41003
2.29169,0.770667,0,-2.48144,5.42003
2.28421,0.787232,0,-2.48112,5.43003
2.27657,0.803742,0,-2.48079,5.44003
2.26877,0.820196,0,-2.48046,5.45003
2.2608,0.836594,0,-2.48014,5.46003
2.25268,0.852932,0,-2.47981,5.47003
2.24439,0.869212,0,-2.47948,5.48003
2.23594,0.88543,0,-2.47915,5.49003
2.22733,0.901586,0,-2.47882,5.50003
2.21856,0.917678,0,-2.47848,5.51003
2.20963,0.933705,0,-2.47815,5.52003
2.20054,0.949666,0,-2.47781,5.53003
2.19128,0.965559,0,-2.47748,5.54003
2.18187,0.981383,0,-2.47714,5.55003
2.1723,0.997137,0,-2.4768,5.56003
2.16257,1.01282,0,-2.47646,5.57003
2.15268,1.02843,0,-2.47612,5.58003
2.14263,1.04396,0,-2.47578,5.59003
2.13243,1.05942,0,-2.47544,5.60003
2.12206,1.0748,0,-2.47509,5.61003
2.11154,1.09011,0,-2.47474,5.62003
2.10086,1.10533,0,-2.4744,5.63003
2.09002,1.12047,0,-2.47405,5.64003
2.07902,1.13553,0,-2.4737,5.65003
2.06787,1.15051,0,-2.47335,5.66003
2.05656,1.1654,0,-2.47299,5.67003
2.0451,1.1802,0,-2.47264,5.68004
2.03348,1.19492,0,-2.47228,5.69004
2.0217,1.20954,0,-2.47192,5.70004
2.00977,1.22408,0,-2.47156,5.71004
1.99769,1.23852,0,-2.4712,5.72004
1.98545,1.25287,0,-2.47084,5.73004
1.97306,1.26712,0,-2.47047,5.74004
1.96051,1.28128,0,-2.47011,5.75004
1.94781,1.29534,0,-2.46974,5.76004
1.93496,1.30929,0,-2.46937,5.77004
1.92195,1.32315,0,-2.469,5.78004
1.9088,1.3369,0,-2.46863,5.79004
1.89549,1.35055,0,-2.46825,5.80004
1.88203,1.3641,0,-2.46787,5.81004
1.86843,1.37754,0,-2.4675,5.82004
1.85467,1.39086,0,-2.46711,5.83004
1.84076,1.40408,0,-2.46673,5.84004
1.8267,1.41719,0,-2.46635,5.85004
1.8125,1.43018,0,-2.46596,5.86004
1.79815,1.44306,0,-2.46557,5.87004
1.78365,1.45582,0,-2.46518,5.88004
1.769,1.46847,0,-2.46479,5.89004
1.75421,1.48099,0,-2.46439,5.90004
1.73927,1.4934,0,-2.464,5.91004
1.72418,1.50568,0,-2.4636,5.92004
1.70896,1.51784,0,-2.4632,5.93004
1.69359,1.52987,0,-2.46279,5.94004
1.67807,1.54178,0,-2.46239,5.95004
1.66241,1.55356,0,-2.46198,5.96004
1.64661,1.5652,0,-2.46157,5.97004
1.63067,1.57672,0,-2.46115,5.98004
1.61459,1.5881,0,-2.46074,5.99004
1.59837,1.59935,0,-2.46032,6.00004
1.58202,1.61046,0,-2.4599,6.01004
1.56552,1.62143,0,-2.45947,6.02004
1.54888,1.63226,0,-2.45905,6.03004
1.53211,1.64295,0,-2.45862,6.04004
1.5152,1.6535,0,-2.45819,6.05004
1.49816,1.6639,0,-2.45775,6.06004
1.48098,1.67415,0,-2.45732,6.07004
1.46367,1.68426,0,-2.45688,6.08004
1.44623,1.69422,0,-2.45644,6.09004
1.42866,1.70402,0,-2.45599,6.10004
1.41095,1.71367,0,-2.45554,6.11004
1.39311,1.72317,0,-2.45509,6.12005
1.37515,1.73251,0,-2.45464,6.13005
1.35706,1.74169,0,-2.45418,6.14005
1.33884,1.75071,0,-2.45372,6.15005
1.32049,1.75957,0,-2.45325,6.16005
1.30202,1.76827,0,-2.45279,6.17005
1.28343,1.7768,0,-2.45232,6.18005
1.26471,1.78517,0,-2.45185,6.19005
1.24587,1.79336,0,-2.45137,6.20005
1.22691,1.80139,0,-2.45089,6.21005
1.20783,1.80924,0,-2.45041,6.22005
1.18863,1.81692,0,-2.44992,6.23005
1.16931,1.82442,0,-2.44943,6.24005
1.14988,1.83175,0,-2.44894,6.25005
1.13033,1.83889,0,-2.44844,6.26005
1.11067,1.84586,0,-2.44794,6.27005
1.0909,1.85264,0,-2.44744,6.28005
1.07102,1.85924,0,-2.44693,6.29005
1.05102,1.86565,0,-2.44642,6.30005
1.03092,1.87187,0,-2.4459,6.31005
1.01071,1.8779,0,-2.44538,6.32005
0.990394,1.88375,0,-2.44486,6.33005
0.969975,1.88939,0,-2.44433,6.34005
0.949453,1.89485,0,-2.4438,6.35005
0.92883,1.9001,0,-2.44326,6.36005
0.908107,1.90516,0,-2.44272,6.37005
0.887285,1.91001,0,-2.44218,6.38005
0.866368,1.91466,0,-2.44163,6.39005
0.845355,1.91911,0,-2.44108,6.40005
0.824249,1.92335,0,-2.44052,6.41005
0.803051,1.92739,0,-2.43996,6.42005
0.781763,1.93121,0,-2.4394,6.43005
0.760387,1.93482,0,-2.43883,6.44005
0.738925,1.93822,0,-2.43826,6.45005
0.717378,1.9414,0,-2.43768,6.46005
0.695748,1.94437,0,-2.43709,6.47005
0.674037,1.94712,0,-2.43651,6.48005
0.652248,1.94964,0,-2.43591,6.49005
0.630381,1.95195,0,-2.43532,6.50005
0.608439,1.95403,0,-2.43472,6.51005
0.586424,1.95588,0,-2.43411,6.52005
0.564338,1.9575,0,-2.4335,6.53005
0.542183,1.9589,0,-2.43288,6.54005
0.519962,1.96006,0,-2.43226,6.55006
0.497676,1.96099,0,-2.43163,6.56006
0.475327,1.96169,0,-2.431,6.57006
0.452919,1.96215,0,-2.43036,6.58006
0.430452,1.96237,0,-2.42972,6.59006
0.407931,1.96235,0,-2.42907,6.60006
0.385356,1.96209,0,-2.42842,6.61006
0.36273,1.96158,0,-2.42776,6.62006
0.340057,1.96083,0,-2.4271,6.63006
0.317337,1.95983,0,-2.42643,6.64006
0.294574,1.95858,0,-2.42575,6.65006
0.271771,1.95708,0,-2.42507,6.66006
0.24893,1.95534,0,-2.42438,6.67006
0.226054,1.95333,0,-2.42369,6.68006
0.203145,1.95107,0,-2.423,6.69006
0.180207,1.94856,0,-2.42229,6.70006
0.157241,1.94578,0,-2.42158,6.71006
0.134252,1.94275,0,-2.42087,6.72006
0.111241,1.93945,0,-2.42015,6.73006
0.0882124,1.93589,0,-2.41942,6.74006
0.0651684,1.93207,0,-2.41869,6.75006
0.0421124,1.92798,0,-2.41795,6.76006
0.0190472,1.92362,0,-2.4172,6.77006
-0.00402373,1.919,0,-2.41645,6.78006
-0.0270974,1.9141,0,-2.41569,6.79006
-0.0501705,1.90894,0,-2.41493,6.80006
-0.0732397,1.9035,0,-2.41416,6.81006
-0.0963017,1.89778,0,-2.41338,6.82006
-0.119353,1.89179,0,-2.4126,6.83006
-0.142391,1.88552,0,-2.41181,6.84006
-0.16541,1.87898,0,-2.41101,6.85006
-0.188409,1.87216,0,-2.41021,6.86006
-0.211383,1.86505,0,-2.4094,6.87006
-0.234329,1.85767,0,-2.40859,6.88006
-0.257243,1.85,0,-2.40776,6.89006
-0.280121,1.84206,0,-2.40693,6.90006
-0.30296,1.83382,0,-2.4061,6.91006
-0.325756,1.8253,0,-2.40526,6.92006
-0.348504,1.8165,0,-2.40441,6.93006
-0.371201,1.80741,0,-2.40355,6.94006
-0.393843,1.79804,0,-2.40269,6.95006
-0.416426,1.78837,0,-2.40182,6.96006
-0.438946,1.77842,0,-2.40095,6.97006
-0.461398,1.76818,0,-2.40006,6.98006
-0.483779,1.75765,0,-2.39917,6.99007
-0.506085,1.74682,0,-2.39828,7.00007
-0.528311,1.73571,0,-2.39738,7.01007
-0.550452,1.72431,0,-2.39647,7.02007
-0.572505,1.71262,0,-2.39555,7.03007
-0.594466,1.70064,0,-2.39463,7.04007
-0.616329,1.68836,0,-2.3937,7.05007
-0.63809,1.6758,0,-2.39276,7.06007
-0.659745,1.66295,0,-2.39182,7.07007
-0.68129,1.6498,0,-2.39086,7.08007
-0.702719,1.63636,0,-2.38991,7.09007
-0.724029,1.62264,0,-2.38894,7.10007
-0.745214,1.60862,0,-2.38797,7.11007
-0.76627,1.59432,0,-2.387,7.12007
-0.787192,1.57972,0,-2.38601,7.13007
-0.807976,1.56484,0,-2.38502,7.14007
-0.828617,1.54967,0,-2.38402,7.15007
-0.849109,1.53421,0,-2.38302,7.16007
-0.869449,1.51847,0,-2.38201,7.17007
-0.889632,1.50245,0,-2.38099,7.18007
-0.909652,1.48614,0,-2.37997,7.19007
-0.929506,1.46955,0,-2.37894,7.20007
-0.949187,1.45267,0,-2.3779,7.21007
-0.968691,1.43552,0,-2.37686,7.22007
-0.988014,1.41809,0,-2.37581,7.23007
-1.00715,1.40039,0,-2.37475,7.24007
-1.0261,1.3824,0,-2.37369,7.25007
-1.04484,1.36415,0,-2.37263,7.26007
-1.06339,1.34563,0,-2.37155,7.27007
-1.08173,1.32683,0,-2.37047,7.28007
-1.09986,1.30777,0,-2.36939,7.29007
-1.11778,1.28845,0,-2.3683,7.30007
-1.13547,1.26886,0,-2.3672,7.31007
-1.15294,1.24901,0,-2.3661,7.32007
-1.17018,1.22891,0,-2.36499,7.33007
-1.18719,1.20855,0,-2.36388,7.34007
-1.20395,1.18794,0,-2.36276,7.35007
-1.22047,1.16708,0,-2.36164,7.36007
-1.23675,1.14598,0,-2.36051,7.37007
-1.25277,1.12463,0,-2.35938,7.38007
-1.26853,1.10305,0,-2.35824,7.39007
-1.28402,1.08123,0,-2.3571,7.40007
-1.29926,1.05917,0,-2.35595,7.41007
-1.31422,1.03689,0,-2.3548,7.42007
-1.3289,1.01439,0,-2.35365,7.43008
-1.3433,0.991659,0,-2.35249,7.44008
-1.35742,0.968715,0,-2.35132,7.45008
-1.37125,0.945557,0,-2.35016,7.46008
-1.38479,0.922191,0,-2.34899,7.47008
-1.39803,0.89862,0,-2.34781,7.48008
-1.41097,0.874849,0,-2.34663,7.49008
-1.42361,0.850882,0,-2.34545,7.50008
-1.43594,0.826723,0,-2.34427,7.51008
-1.44795,0.802379,0,-2.34308,7.52008
-1.45965,0.777852,0,-2.34189,7.53008
-1.47103,0.753149,0,-2.3407,7.54008
-1.48209,0.728273,0,-2.3395,7.55008
-1.49283,0.703231,0,-2.33831,7.56008
-1.50323,0.678027,0,-2.33711,7.57008
-1.5133,0.652667,0,-2.33591,7.58008
-1.52304,0.627155,0,-2.3347,7.59008
-1.53243,0.601498,0,-2.3335,7.60008
-1.54149,0.5757,0,-2.33229,7.61008
-1.5502,0.549768,0,-2.33108,7.62008
-1.55857,0.523706,0,-2.32987,7.63008
-1.56659,0.497521,0,-2.32866,7.64008
-1.57426,0.471218,0,-2.32745,7.65008
-1.58157,0.444802,0,-2.32624,7.66008
-1.58854,0.418281,0,-2.32503,7.67008
-1.59514,0.391659,0,-2.32382,7.68008
-1.60139,0.364943,0,-2.32261,7.69008
-1.60727,0.338139,0,-2.3214,7.70008
-1.6128,0.311252,0,-2.32018,7.71008
-1.61796,0.284289,0,-2.31897,7.72008
-1.62276,0.257256,0,-2.31777,7.73008
-1.62719,0.230158,0,-2.31656,7.74008
-1.63126,0.203003,0,-2.31535,7.75008
-1.63496,0.175796,0,-2.31414,7.76008
-1.63829,0.148543,0,-2.31294,7.77008
-1.64125,0.12125,0,-2.31173,7.78008
-1.64385,0.0939243,0,-2.31053,7.79008
-1.64608,0.0665712,0,-2.30933,7.80008
-1.64794,0.039197,0,-2.30813,7.81008
-1.64944,0.011808,0,-2.30694,7.82008
-1.65056,-0.0155898,0,-2.30574,7.83008
-1.65132,-0.0429902,0,-2.30455,7.84008
-1.65171,-0.0703872,0,-2.30336,7.85008
-1.65173,-0.0977746,0,-2.30218,7.86009
-1.65139,-0.125146,0,-2.301,7.87009
-1.65068,-0.152497,0,-2.29982,7.88009
-1.64961,-0.179819,0,-2.29864,7.89009
-1.64818,-0.207109,0,-2.29747,7.90009
-1.64639,-0.234359,0,-2.2963,7.91009
-1.64424,-0.261563,0,-2.29514,7.92009
-1.64173,-0.288717,0,-2.29398,7.93009
-1.63886,-0.315814,0,-2.29282,7.94009
-1.63564,-0.342849,0,-2.29167,7.95009
-1.63206,-0.369816,0,-2.29052,7.96009
-1.62814,-0.396709,0,-2.28938,7.97009
-1.62387,-0.423523,0,-2.28824,7.98009
-1.61925,-0.450253,0,-2.28711,7.99009
-1.61429,-0.476894,0,-2.28598,8.00009
-1.60898,-0.50344,0,-2.28486,8.01009
-1.60334,-0.529885,0,-2.28374,8.02009
-1.59736,-0.556226,0,-2.28262,8.03009
-1.59105,-0.582456,0,-2.28152,8.04009
-1.58441,-0.608572,0,-2.28042,8.05009
-1.57744,-0.634568,0,-2.27932,8.06009
-1.57015,-0.660439,0,-2.27823,8.07009
-1.56254,-0.686182,0,-2.27715,8.08009
-1.55461,-0.71179,0,-2.27607,8.09009
-1.54636,-0.737261,0,-2.275,8.10009
-1.53781,-0.762589,0,-2.27393,8.11009
-1.52894,-0.787771,0,-2.27287,8.12009
-1.51978,-0.812802,0,-2.27182,8.13009
-1.51031,-0.837678,0,-2.27077,8.14009
-1.50054,-0.862395,0,-2.26973,8.15009
-1.49049,-0.886949,0,-2.2687,8.16009
-1.48014,-0.911338,0,-2.26767,8.17009
-1.46951,-0.935556,0,-2.26665,8.18009
-1.45859,-0.959601,0,-2.26564,8.19009
-1.4474,-0.983468,0,-2.26463,8.20009
-1.43593,-1.00716,0,-2.26363,8.21009
-1.42419,-1.03066,0,-2.26264,8.22009
-1.41219,-1.05398,0,-2.26165,8.23009
-1.39993,-1.0771,0,-2.26067,8.24009
-1.3874,-1.10004,0,-2.2597,8.25009
-1.37463,-1.12278,0,-2.25873,8.26009
-1.3616,-1.14532,0,-2.25778,8.27009
-1.34832,-1.16766,0,-2.25683,8.28009
-1.33481,-1.1898,0,-2.25588,8.29009
-1.32106,-1.21173,0,-2.25495,8.30009
-1.30707,-1.23345,0,-2.25402,8.31009
-1.29286,-1.25497,0,-2.2531,8.3201
-1.27841,-1.27627,0,-2.25218,8.3301
-1.26375,-1.29735,0,-2.25128,8.3401
-1.24887,-1.31822,0,-2.25038,8.3501
-1.23378,-1.33887,0,-2.24948,8.3601
-1.21848,-1.3593,0,-2.2486,8.3701
-1.20298,-1.37951,0,-2.24772,8.3801
-1.18728,-1.3995,0,-2.24685,8.3901
-1.17137,-1.41926,0,-2.24599,8.4001
-1.15528,-1.43879,0,-2.24513,8.4101
-1.139,-1.4581,0,-2.24428,8.4201
-1.12254,-1.47718,0,-2.24344,8.4301
-1.10589,-1.49602,0,-2.24261,8.4401
-1.08907,-1.51464,0,-2.24178,8.4501
-1.07208,-1.53302,0,-2.24096,8.4601
-1.05492,-1.55117,0,-2.24015,8.4701
-1.0376,-1.56909,0,-2.23935,8.4801
-1.02011,-1.58677,0,-2.23855,8.4901
-1.00247,-1.60422,0,-2.23776,8.5001
-0.984683,-1.62143,0,-2.23698,8.5101
-0.966744,-1.6384,0,-2.2362,8.5201
-0.948661,-1.65513,0,-2.23543,8.5301
-0.930437,-1.67163,0,-2.23467,8.5401
-0.912076,-1.68789,0,-2.23391,8.5501
-0.893583,-1.70391,0,-2.23317,8.5601
-0.87496,-1.71969,0,-2.23242,8.5701
-0.856212,-1.73523,0,-2.23169,8.5801
-0.837343,-1.75053,0,-2.23096,8.5901
-0.818355,-1.76559,0,-2.23024,8.6001
-0.799252,-1.78041,0,-2.22953,8.6101
-0.780038,-1.795,0,-2.22882,8.6201
-0.760717,-1.80934,0,-2.22812,8.6301
-0.741292,-1.82344,0,-2.22743,8.6401
-0.721766,-1.83731,0,-2.22674,8.6501
-0.702143,-1.85094,0,-2.22606,8.6601
-0.682427,-1.86432,0,-2.22538,8.6701
-0.662619,-1.87747,0,-2.22472,8.6801
-0.642725,-1.89038,0,-2.22406,8.6901
-0.622746,-1.90305,0,-2.2234,8.7001
-0.602687,-1.91549,0,-2.22275,8.7101
-0.58255,-1.92769,0,-2.22211,8.7201
-0.562339,-1.93965,0,-2.22147,8.7301
-0.542056,-1.95137,0,-2.22084,8.7401
-0.521705,-1.96286,0,-2.22022,8.7501
-0.501289,-1.97412,0,-2.2196,8.76011
-0.480811,-1.98514,0,-2.21899,8.77011
-0.460273,-1.99592,0,-2.21838,8.78011
-0.439679,-2.00648,0,-2.21778,8.79011
-0.419031,-2.0168,0,-2.21719,8.80011
-0.398333,-2.02689,0,-2.2166,8.81011
-0.377587,-2.03675,0,-2.21601,8.82011
-0.356795,-2.04638,0,-2.21544,8.83011
-0.335961,-2.05578,0,-2.21487,8.84011
-0.315087,-2.06495,0,-2.2143,8.85011
-0.294176,-2.07389,0,-2.21374,8.86011
-0.273231,-2.08261,0,-2.21318,8.87011
-0.252253,-2.0911,0,-2.21263,8.88011
-0.231246,-2.09937,0,-2.21209,8.89011
-0.210212,-2.10741,0,-2.21155,8.90011
-0.189153,-2.11523,0,-2.21101,8.91011
-0.168072,-2.12283,0,-2.21048,8.92011
-0.146972,-2.13021,0,-2.20996,8.93011
-0.125854,-2.13737,0,-2.20944,8.94011
-0.104721,-2.14431,0,-2.20892,8.95011
-0.0835752,-2.15103,0,-2.20841,8.96011
-0.0624188,-2.15754,0,-2.20791,8.97011
-0.041254,-2.16382,0,-2.20741,8.98011
-0.020083,-2.1699,0,-2.20691,8.99011
0.00109201,-2.17576,0,-2.20642,9.00011
0.022269,-2.18141,0,-2.20594,9.01011
0.043446,-2.18685,0,-2.20546,9.02011
0.0646207,-2.19208,0,-2.20498,9.03011
0.0857914,-2.19709,0,-2.20451,9.04011
0.106956,-2.20191,0,-2.20404,9.05011
0.128112,-2.20651,0,-2.20357,9.06011
0.149259,-2.21091,0,-2.20312,9.07011
0.170393,-2.2151,0,-2.20266,9.08011
0.191514,-2.21909,0,-2.20221,9.09011
0.212619,-2.22288,0,-2.20176,9.10011
0.233707,-2.22647,0,-2.20132,9.11011
0.254776,-2.22986,0,-2.20088,9.12011
0.275824,-2.23305,0,-2.20045,9.13011
0.29685,-2.23604,0,-2.20002,9.14011
0.317851,-2.23884,0,-2.19959,9.15011
0.338827,-2.24144,0,-2.19917,9.16011
0.359775,-2.24385,0,-2.19875,9.17011
0.380694,-2.24607,0,-2.19833,9.18011
0.401582,-2.24809,0,-2.19792,9.19011
0.422438,-2.24993,0,-2.19752,9.20012
0.44326,-2.25157,0,-2.19711,9.21012
0.464047,-2.25303,0,-2.19671,9.22012
0.484798,-2.2543,0,-2.19631,9.23012
0.50551,-2.25539,0,-2.19592,9.24012
0.526183,-2.25629,0,-2.19553,9.25012
0.546814,-2.25701,0,-2.19514,9.26012
0.567404,-2.25755,0,-2.19476,9.27012
0.58795,-2.25791,0,-2.19438,9.28012
0.608451,-2.25809,0,-2.19401,9.29012
0.628905,-2.25809,0,-2.19363,9.30012
0.649312,-2.25792,0,-2.19326,9.31012
0.66967,-2.25757,0,-2.19289,9.32012
0.689978,-2.25704,0,-2.19253,9.33012
0.710235,-2.25635,0,-2.19217,9.34012
0.730439,-2.25548,0,-2.19181,9.35012
0.75059,-2.25444,0,-2.19146,9.36012
0.770686,-2.25323,0,-2.19111,9.37012
0.790726,-2.25186,0,-2.19076,9.38012
0.810709,-2.25031,0,-2.19041,9.39012
0.830633,-2.24861,0,-2.19007,9.40012
0.850499,-2.24673,0,-2.18973,9.41012
0.870304,-2.2447,0,-2.18939,9.42012
0.890048,-2.2425,0,-2.18906,9.43012
0.909729,-2.24014,0,-2.18872,9.44012
0.929347,-2.23762,0,-2.18839,9.45012
0.948901,-2.23494,0,-2.18807,9.46012
0.968389,-2.23211,0,-2.18774,9.47012
0.987811,-2.22912,0,-2.18742,9.48012
1.00717,-2.22597,0,-2.1871,9.49012
1.02645,-2.22267,0,-2.18679,9.50012
1.04567,-2.21922,0,-2.18647,9.51012
1.06482,-2.21561,0,-2.18616,9.52012
1.08389,-2.21186,0,-2.18585,9.53012
1.1029,-2.20796,0,-2.18555,9.54012
1.12183,-2.20391,0,-2.18524,9.55012
1.14069,-2.19971,0,-2.18494,9.56012
1.15948,-2.19536,0,-2.18464,9.57012
1.17819,-2.19088,0,-2.18434,9.58012
1.19682,-2.18624,0,-2.18405,9.59012
1.21538,-2.18147,0,-2.18375,9.60012
1.23386,-2.17655,0,-2.18346,9.61012
1.25226,-2.1715,0,-2.18317,9.62012
1.27059,-2.16631,0,-2.18289,9.63013
1.28883,-2.16097,0,-2.1826,9.64013
1.30699,-2.1555,0,-2.18232,9.65013
1.32508,-2.1499,0,-2.18204,9.66013
1.34308,-2.14416,0,-2.18176,9.67013
1.361,-2.13829,0,-2.18149,9.68013
1.37883,-2.13228,0,-2.18121,9.69013
1.39659,-2.12615,0,-2.18094,9.70013
1.41425,-2.11988,0,-2.18067,9.71013
1.43184,-2.11348,0,-2.1804,9.72013
1.44934,-2.10696,0,-2.18013,9.73013
1.46675,-2.10031,0,-2.17986,9.74013
1.48407,-2.09353,0,-2.1796,9.75013
1.50131,-2.08663,0,-2.17934,9.76013
1.51846,-2.0796,0,-2.17908,9.77013
1.53552,-2.07246,0,-2.17882,9.78013
1.5525,-2.06519,0,-2.17856,9.79013
1.56938,-2.05779,0,-2.17831,9.80013
1.58617,-2.05028,0,-2.17806,9.81013
1.60288,-2.04265,0,-2.17781,9.82013
1.61949,-2.03491,0,-2.17756,9.83013
1.63601,-2.02704,0,-2.17731,9.84013
1.65244,-2.01906,0,-2.17706,9.85013
1.66877,-2.01097,0,-2.17682,9.86013
1.68502,-2.00276,0,-2.17657,9.87013
1.70117,-1.99444,0,-2.17633,9.88013
1.71722,-1.98601,0,-2.17609,9.89013
1.73318,-1.97746,0,-2.17585,9.90013
1.74905,-1.96881,0,-2.17561,9.91013
1.76482,-1.96005,0,-2.17538,9.92013
1.78049,-1.95118,0,-2.17514,9.93013
1.79607,-1.9422,0,-2.17491,9.94013
1.81155,-1.93312,0,-2.17467,9.95013
1.82694,-1.92393,0,-2.17444,9.96013
1.84223,-1.91464,0,-2.17421,9.97013
1.85742,-1.90525,0,-2.17399,9.98013
1.87251,-1.89575,0,-2.17376,9.99013
1.8875,-1.88616,0,-2.17353,10.0001
1.90239,-1.87646,0,-2.17331,10.0101
1.91719,-1.86666,0,-2.17309,10.0201
1.93188,-1.85677,0,-2.17286,10.0301
1.94648,-1.84677,0,-2.17264,10.0401
1.96097,-1.83668,0,-2.17243,10.0501
1.97537,-1.8265,0,-2.17221,10.0601
1.98966,-1.81622,0,-2.17199,10.0701
2.00385,-1.80585,0,-2.17177,10.0801
2.01794,-1.79538,0,-2.17156,10.0901
2.03193,-1.78482,0,-2.17135,10.1001
2.04581,-1.77417,0,-2.17113,10.1101
2.05959,-1.76343,0,-2.17092,10.1201
2.07327,-1.75261,0,-2.17071,10.1301
2.08685,-1.74169,0,-2.1705,10.1401
2.10032,-1.73068,0,-2.17029,10.1501
2.11369,-1.71959,0,-2.17009,10.1601
2.12695,-1.70842,0,-2.16988,10.1701
2.14011,-1.69715,0,-2.16968,10.1801
2.15317,-1.68581,0,-2.16947,10.1901
2.16612,-1.67438,0,-2.16927,10.2001
2.17896,-1.66286,0,-2.16907,10.2101
2.1917,-1.65127,0,-2.16887,10.2201
2.20433,-1.6396,0,-2.16867,10.2301
2.21686,-1.62784,0,-2.16847,10.2401
2.22928,-1.61601,0,-2.16827,10.2501
2.2416,-1.6041,0,-2.16807,10.2601
2.2538,-1.59211,0,-2.16787,10.2701
2.2659,-1.58004,0,-2.16768,10.2801
2.2779,-1.5679,0,-2.16748,10.2901
2.28978,-1.55568,0,-2.16729,10.3001
2.30156,-1.54339,0,-2.16709,10.3101
2.31323,-1.53103,0,-2.1669,10.3201
2.32479,-1.51859,0,-2.16671,10.3301
2.33625,-1.50608,0,-2.16652,10.3401
2.34759,-1.4935,0,-2.16633,10.3501
2.35883,-1.48085,0,-2.16614,10.3601
2.36995,-1.46814,0,-2.16595,10.3701
2.38097,-1.45535,0,-2.16576,10.3801
2.39188,-1.44249,0,-2.16558,10.3901
2.40268,-1.42957,0,-2.16539,10.4001
2.41337,-1.41658,0,-2.1652,10.4101
2.42395,-1.40353,0,-2.16502,10.4201
2.43442,-1.39041,0,-2.16484,10.4301
2.44478,-1.37723,0,-2.16465,10.4401
2.45502,-1.36399,0,-2.16447,10.4501
2.46516,-1.35068,0,-2.16429,10.4601
2.47519,-1.33731,0,-2.1641,10.4701
2.4851,-1.32388,0,-2.16392,10.4801
2.49491,-1.31039,0,-2.16374,10.4901
2.5046,-1.29684,0,-2.16356,10.5001
2.51418,-1.28323,0,-2.16338,10.5101
2.52365,-1.26957,0,-2.16321,10.5201
2.53301,-1.25584,0,-2.16303,10.5301
2.54226,-1.24206,0,-2.16285,10.5401
2.55139,-1.22823,0,-2.16267,10.5501
2.56042,-1.21434,0,-2.1625,10.5601
2.56933,-1.2004,0,-2.16232,10.5701
2.57812,-1.1864,0,-2.16215,10.5801
2.58681,-1.17235,0,-2.16197,10.5901
2.59538,-1.15825,0,-2.1618,10.6001
2.60384,-1.1441,0,-2.16163,10.6101
2.61219,-1.12989,0,-2.16145,10.6201
2.62042,-1.11564,0,-2.16128,10.6301
2.62854,-1.10134,0,-2.16111,10.6401
2.63654,-1.08699,0,-2.16094,10.6501
2.64444,-1.07259,0,-2.16076,10.6601
2.65222,-1.05815,0,-2.16059,10.6701
2.65988,-1.04366,0,-2.16042,10.6801
2.66743,-1.02912,0,-2.16025,10.6901
2.67487,-1.01454,0,-2.16009,10.7001
2.68219,-0.999916,0,-2.15992,10.7101
2.6894,-0.985247,0,-2.15975,10.7201
2.69649,-0.970537,0,-2.15958,10.7302
2.70347,-0.955784,0,-2.15941,10.7402
2.71034,-0.94099,0,-2.15924,10.7502
2.71709,-0.926155,0,-2.15908,10.7602
2.72373,-0.911281,0,-2.15891,10.7702
2.73025,-0.896368,0,-2.15875,10.7802
2.73665,-0.881416,0,-2.15858,10.7902
2.74294,-0.866426,0,-2.15841,10.8002
2.74912,-0.851399,0,-2.15825,10.8102
2.75518,-0.836336,0,-2.15809,10.8202
2.76113,-0.821237,0,-2.15792,10.8302
2.76696,-0.806103,0,-2.15776,10.8402
2.77267,-0.790935,0,-2.15759,10.8502
2.77827,-0.775733,0,-2.15743,10.8602
2.78375,-0.760498,0,-2.15727,10.8702
2.78912,-0.74523,0,-2.1571,10.8802
2.79437,-0.729931,0,-2.15694,10.8902
2.79951,-0.714601,0,-2.15678,10.9002
2.80453,-0.699241,0,-2.15662,10.9102
2.80943,-0.683851,0,-2.15646,10.9202
2.81422,-0.668432,0,-2.15629,10.9302
2.81889,-0.652985,0,-2.15613,10.9402
2.82344,-0.637511,0,-2.15597,10.9502
2.82788,-0.622009,0,-2.15581,10.9602
2.8322,-0.606481,0,-2.15565,10.9702
2.83641,-0.590927,0,-2.15549,10.9802
2.8405,-0.575349,0,-2.15533,10.9902
2.84447,-0.559746,0,-2.15517,11.0002
2.84833,-0.544119,0,-2.15501,11.0102
2.85206,-0.52847,0,-2.15485,11.0202
2.85569,-0.512798,0,-2.15469,11.0302
2.85919,-0.497105,0,-2.15453,11.0402
2.86258,-0.48139,0,-2.15437,11.0502
2.86585,-0.465655,0,-2.15422,11.0602
2.86901,-0.449901,0,-2.15406,11.0702
2.87204,-0.434128,0,-2.1539,11.0802
2.87496,-0.418336,0,-2.15374,11.0902
2.87777,-0.402526,0,-2.15358,11.1002
2.88045,-0.386699,0,-2.15342,11.1102
2.88302,-0.370856,0,-2.15327,11.1202
2.88547,-0.354998,0,-2.15311,11.1302
2.8878,-0.339124,0,-2.15295,11.1402
2.89002,-0.323235,0,-2.15279,11.1502
2.89212,-0.307333,0,-2.15264,11.1602
2.8941,-0.291418,0,-2.15248,11.1702
2.89596,-0.27549,0,-2.15232,11.1802
2.89771,-0.259551,0,-2.15216,11.1902
2.89934,-0.2436,0,-2.15201,11.2002
2.90085,-0.227639,0,-2.15185,11.2102
2.90224,-0.211667,0,-2.15169,11.2202
2.90352,-0.195687,0,-2.15153,11.2302
2.90468,-0.179698,0,-2.15138,11.2402
2.90572,-0.163701,0,-2.15122,11.2502
2.90664,-0.147697,0,-2.15106,11.2602
2.90744,-0.131686,0,-2.15091,11.2702
2.90813,-0.115669,0,-2.15075,11.2802
2.9087,-0.0996464,0,-2.15059,11.2902
2.90915,-0.0836195,0,-2.15044,11.3002
2.90948,-0.0675885,0,-2.15028,11.3102
2.90969,-0.0515541,0,-2.15012,11.3202
2.90979,-0.035517,0,-2.14996,11.3302
2.90977,-0.0194778,0,-2.14981,11.3402
2.90963,-0.0034371,0,-2.14965,11.3502
2.90937,0.0126044,0,-2.14949,11.3602
2.90899,0.0286459,0,-2.14934,11.3702
2.9085,0.044687,0,-2.14918,11.3802
2.90789,0.0607269,0,-2.14902,11.3902
2.90715,0.076765,0,-2.14887,11.4002
2.90631,0.0928007,0,-2.14871,11.4102
2.90534,0.108833,0,-2.14855,11.4202
2.90425,0.124862,0,-2.14839,11.4302
2.90305,0.140886,0,-2.14823,11.4402
2.90173,0.156905,0,-2.14808,11.4502
2.90029,0.172919,0,-2.14792,11.4602
2.89873,0.188926,0,-2.14776,11.4702
2.89705,0.204926,0,-2.1476,11.4802
2.89526,0.220918,0,-2.14745,11.4902
2.89335,0.236902,0,-2.14729,11.5002
2.89131,0.252877,0,-2.14713,11.5102
2.88916,0.268843,0,-2.14697,11.5202
2.8869,0.284797,0,-2.14681,11.5302
2.88451,0.300741,0,-2.14665,11.5402
2.88201,0.316674,0,-2.14649,11.5502
2.87938,0.332594,0,-2.14634,11.5602
2.87664,0.348501,0,-2.14618,11.5702
2.87378,0.364394,0,-2.14602,11.5802
2.87081,0.380273,0,-2.14586,11.5902
2.86771,0.396137,0,-2.1457,11.6002
2.8645,0.411985,0,-2.14554,11.6102
2.86117,0.427817,0,-2.14538,11.6202
2.85772,0.443632,0,-2.14522,11.6302
2.85415,0.459429,0,-2.14506,11.6402
2.85046,0.475208,0,-2.14489,11.6502
2.84666,0.490968,0,-2.14473,11.6602
2.84273,0.506708,0,-2.14457,11.6702
2.83869,0.522428,0,-2.14441,11.6802
2.83453,0.538127,0,-2.14425,11.6902
2.83026,0.553804,0,-2.14408,11.7002
2.82586,0.569459,0,-2.14392,11.7102
2.82135,0.585091,0,-2.14376,11.7202
2.81672,0.600698,0,-2.1436,11.7302
2.81197,0.616282,0,-2.14343,11.7402
2.8071,0.63184,0,-2.14327,11.7502
2.80212,0.647372,0,-2.1431,11.7602
2.79702,0.662878,0,-2.14294,11.7702
2.7918,0.678357,0,-2.14278,11.7802
2.78646,0.693808,0,-2.14261,11.7902
2.781,0.70923,0,-2.14244,11.8002
2.77543,0.724623,0,-2.14228,11.8102
2.76974,0.739986,0,-2.14211,11.8202
2.76393,0.755318,0,-2.14195,11.8302
2.758,0.770619,0,-2.14178,11.8402
2.75196,0.785887,0,-2.14161,11.8502
2.7458,0.801123,0,-2.14144,11.8602
2.73952,0.816325,0,-2.14128,11.8702
2.73312,0.831493,0,-2.14111,11.8802
2.72661,0.846627,0,-2.14094,11.8902
2.71998,0.861724,0,-2.14077,11.9002
2.71323,0.876785,0,-2.1406,11.9102
2.70637,0.891809,0,-2.14043,11.9202
2.69939,0.906795,0,-2.14026,11.9302
2.69229,0.921743,0,-2.14009,11.9402
2.68507,0.936651,0,-2.13992,11.9502
2.67774,0.951519,0,-2.13974,11.9602
2.67029,0.966347,0,-2.13957,11.9702
2.66273,0.981133,0,-2.1394,11.9802
2.65504,0.995877,0,-2.13923,11.9902
2.64725,1.01058,0,-2.13905,12.0002
2.63933,1.02524,0,-2.13888,12.0102
2.6313,1.03985,0,-2.1387,12.0202
2.62315,1.05442,0,-2.13853,12.0302
2.61489,1.06894,0,-2.13835,12.0402
2.60651,1.08341,0,-2.13817,12.0502
2.59801,1.09784,0,-2.138,12.0602
2.5894,1.11222,0,-2.13782,12.0702
2.58067,1.12655,0,-2.13764,12.0802
2.57183,1.14083,0,-2.13746,12.0902
2.56287,1.15506,0,-2.13728,12.1002
2.55379,1.16924,0,-2.1371,12.1102
2.5446,1.18337,0,-2.13692,12.1202
2.5353,1.19744,0,-2.13674,12.1302
2.52588,1.21146,0,-2.13656,12.1402
2.51634,1.22543,0,-2.13638,12.1502
2.50669,1.23934,0,-2.13619,12.1602
2.49693,1.2532,0,-2.13601,12.1702
2.48705,1.267,0,-2.13582,12.1802
2.47705,1.28074,0,-2.13564,12.1902
2.46694,1.29442,0,-2.13545,12.2002
2.45672,1.30805,0,-2.13527,12.2102
2.44638,1.32161,0,-2.13508,12.2202
2.43593,1.33511,0,-2.13489,12.2302
2.42537,1.34856,0,-2.1347,12.2402
2.41469,1.36194,0,-2.13451,12.2502
2.4039,1.37525,0,-2.13432,12.2602
2.39299,1.38851,0,-2.13413,12.2702
2.38197,1.40169,0,-2.13394,12.2802
2.37084,1.41482,0,-2.13375,12.2902
2.3596,1.42787,0,-2.13355,12.3002
2.34824,1.44086,0,-2.13336,12.3102
2.33677,1.45378,0,-2.13317,12.3202
2.32519,1.46663,0,-2.13297,12.3302
2.3135,1.47942,0,-2.13277,12.3402
2.30169,1.49213,0,-2.13258,12.3502
2.28977,1.50477,0,-2.13238,12.3602
2.27775,1.51734,0,-2.13218,12.3702
2.2656,1.52983,0,-2.13198,12.3802
2.25335,1.54225,0,-2.13178,12.3902
2.24099,1.5546,0,-2.13157,12.4002
2.22852,1.56687,0,-2.13137,12.4102
2.21594,1.57906,0,-2.13117,12.4202
2.20324,1.59118,0,-2.13096,12.4302
2.19044,1.60321,0,-2.13076,12.4402
2.17753,1.61517,0,-2.13055,12.4502
2.1645,1.62705,0,-2.13034,12.4602
2.15137,1.63885,0,-2.13013,12.4702
2.13813,1.65056,0,-2.12992,12.4802
2.12478,1.6622,0,-2.12971,12.4902
2.11132,1.67374,0,-2.1295,12.5002
2.09775,1.68521,0,-2.12929,12.5102
2.08408,1.69659,0,-2.12908,12.5202
2.0703,1.70788,0,-2.12886,12.5302
2.05641,1.71908,0,-2.12864,12.5402
2.04241,1.7302,0,-2.12843,12.5502
2.02831,1.74123,0,-2.12821,12.5602
2.0141,1.75216,0,-2.12799,12.5702
1.99978,1.76301,0,-2.12777,12.5802
1.98536,1.77376,0,-2.12755,12.5902
1.97083,1.78442,0,-2.12732,12.6002
1.9562,1.79499,0,-2.1271,12.6102
1.94146,1.80546,0,-2.12687,12.6202
1.92662,1.81583,0,-2.12665,12.6302
1.91167,1.82611,0,-2.12642,12.6402
1.89662,1.83629,0,-2.12619,12.6502
1.88147,1.84638,0,-2.12596,12.6602
1.86621,1.85636,0,-2.12573,12.6702
1.85085,1.86624,0,-2.1255,12.6802
1.83539,1.87602,0,-2.12526,12.6902
1.81983,1.88569,0,-2.12503,12.7002
1.80416,1.89527,0,-2.12479,12.7102
1.7884,1.90474,0,-2.12455,12.7202
1.77253,1.9141,0,-2.12431,12.7302
1.75656,1.92335,0,-2.12407,12.7402
1.7405,1.9325,0,-2.12383,12.7502
1.72433,1.94154,0,-2.12359,12.7602
1.70806,1.95047,0,-2.12334,12.7702
1.6917,1.95929,0,-2.12309,12.7802
1.67524,1.96799,0,-2.12285,12.7902
1.65868,1.97659,0,-2.1226,12.8002
1.64202,1.98507,0,-2.12234,12.8102
1.62527,1.99343,0,-2.12209,12.8202
1.60842,2.00168,0,-2.12184,12.8302
1.59148,2.00981,0,-2.12158,12.8402
1.57444,2.01782,0,-2.12132,12.8502
1.5573,2.02572,0,-2.12107,12.8602
1.54007,2.03349,0,-2.1208,12.8702
1.52275,2.04114,0,-2.12054,12.8802
1.50534,2.04867,0,-2.12028,12.8902
1.48783,2.05608,0,-2.12001,12.9002
1.47023,2.06336,0,-2.11975,12.9102
1.45255,2.07051,0,-2.11948,12.9202
1.43477,2.07754,0,-2.11921,12.9302
1.4169,2.08444,0,-2.11893,12.9402
1.39894,2.09121,0,-2.11866,12.9502
1.38089,2.09785,0,-2.11838,12.9602
1.36276,2.10436,0,-2.1181,12.9702
1.34454,2.11074,0,-2.11782,12.9802
1.32623,2.11698,0,-2.11754,12.9902
1.30783,2.12309,0,-2.11726,13.0002
1.28935,2.12906,0,-2.11697,13.0102
1.27079,2.1349,0,-2.11668,13.0202
1.25214,2.1406,0,-2.1164,13.0302
1.23341,2.14616,0,-2.1161,13.0402
1.2146,2.15158,0,-2.11581,13.0502
1.19571,2.15685,0,-2.11552,13.0602
1.17673,2.16199,0,-2.11522,13.0702
1.15768,2.16698,0,-2.11492,13.0802
1.13855,2.17183,0,-2.11462,13.0902
1.11934,2.17653,0,-2.11431,13.1002
1.10005,2.18108,0,-2.11401,13.1102
1.08069,2.18548,0,-2.1137,13.1202
1.06125,2.18974,0,-2.11339,13.1302
1.04173,2.19384,0,-2.11308,13.1402
1.02214,2.19779,0,-2.11276,13.1502
1.00248,2.20159,0,-2.11244,13.1602
0.982751,2.20523,0,-2.11212,13.1702
0.962948,2.20872,0,-2.1118,13.1802
0.943075,2.21205,0,-2.11148,13.1902
0.923133,2.21523,0,-2.11115,13.2002
0.903123,2.21824,0,-2.11082,13.2102
0.883047,2.2211,0,-2.11049,13.2202
0.862905,2.22379,0,-2.11016,13.2302
0.842698,2.22632,0,-2.10982,13.2402
0.822428,2.22869,0,-2.10948,13.2502
0.802095,2.23089,0,-2.10914,13.2602
0.7817,2.23292,0,-2.1088,13.2702
0.761246,2.23479,0,-2.10845,13.2802
0.740733,2.23649,0,-2.10811,13.2902
0.720161,2.23802,0,-2.10775,13.3002
0.699533,2.23938,0,-2.1074,13.3102
0.67885,2.24056,0,-2.10704,13.3202
0.658112,2.24158,0,-2.10668,13.3302
0.637322,2.24241,0,-2.10632,13.3402
0.61648,2.24308,0,-2.10596,13.3502
0.595587,2.24356,0,-2.10559,13.3602
0.574646,2.24387,0,-2.10522,13.3702
0.553657,2.244,0,-2.10485,13.3802
0.532622,2.24394,0,-2.10447,13.3902
0.511542,2.24371,0,-2.10409,13.4002
0.490418,2.24329,0,-2.10371,13.4102
0.469253,2.24269,0,-2.10333,13.4202
0.448047,2.2419,0,-2.10294,13.4302
0.426802,2.24093,0,-2.10255,13.4402
0.40552,2.23977,0,-2.10215,13.4502
0.384201,2.23842,0,-2.10176,13.4602
0.362849,2.23688,0,-2.10136,13.4702
0.341463,2.23515,0,-2.10095,13.4802
0.320046,2.23323,0,-2.10055,13.4902
0.2986,2.23111,0,-2.10014,13.5002
0.277126,2.2288,0,-2.09973,13.5102
0.255625,2.22629,0,-2.09931,13.5202
0.234101,2.22359,0,-2.09889,13.5302
0.212553,2.22069,0,-2.09847,13.5402
0.190985,2.21759,0,-2.09805,13.5502
0.169397,2.21429,0,-2.09762,13.5602
0.147792,2.21079,0,-2.09719,13.5702
0.126172,2.20709,0,-2.09675,13.5802
0.104538,2.20318,0,-2.09631,13.5902
0.0828919,2.19907,0,-2.09587,13.6002
0.0612365,2.19475,0,-2.09542,13.6102
0.0395733,2.19023,0,-2.09498,13.6202
0.0179043,2.1855,0,-2.09452,13.6302
-0.00376842,2.18056,0,-2.09407,13.6402
-0.0254429,2.17542,0,-2.09361,13.6502
-0.047117,2.17006,0,-2.09315,13.6602
-0.0687886,2.16449,0,-2.09268,13.6702
-0.0904556,2.15871,0,-2.09221,13.6802
-0.112116,2.15271,0,-2.09174,13.6902
-0.133767,2.1465,0,-2.09126,13.7002
-0.155407,2.14008,0,-2.09078,13.7102
-0.177034,2.13344,0,-2.09029,13.7202
-0.198645,2.12659,0,-2.0898,13.7302
-0.220238,2.11951,0,-2.08931,13.7402
-0.24181,2.11222,0,-2.08882,13.7502
-0.26336,2.10471,0,-2.08832,13.7602
-0.284884,2.09698,0,-2.08781,13.7702
-0.306381,2.08903,0,-2.08731,13.7802
-0.327848,2.08086,0,-2.0868,13.7902
-0.349283,2.07246,0,-2.08628,13.8002
-0.370682,2.06385,0,-2.08576,13.8102
-0.392043,2.05501,0,-2.08524,13.8202
-0.413365,2.04594,0,-2.08471,13.8302
-0.434643,2.03666,0,-2.08418,13.8402
-0.455877,2.02714,0,-2.08365,13.8502
-0.477062,2.0174,0,-2.08311,13.8602
-0.498196,2.00744,0,-2.08257,13.8702
-0.519277,1.99725,0,-2.08202,13.8802
-0.540301,1.98683,0,-2.08147,13.8902
-0.561266,1.97619,0,-2.08092,13.9002
-0.58217,1.96531,0,-2.08036,13.9102
-0.603008,1.95421,0,-2.0798,13.9202
-0.623779,1.94288,0,-2.07923,13.9302
-0.64448,1.93133,0,-2.07866,13.9402
-0.665107,1.91954,0,-2.07809,13.9502
-0.685658,1.90753,0,-2.07751,13.9602
-0.706129,1.89528,0,-2.07693,13.9702
-0.726518,1.88281,0,-2.07634,13.9802
-0.746822,1.87011,0,-2.07575,13.9902
-0.767038,1.85718,0,-2.07516,14.0002
-0.787161,1.84402,0,-2.07456,14.0102
-0.807191,1.83063,0,-2.07396,14.0202
-0.827123,1.81701,0,-2.07335,14.0302
-0.846954,1.80316,0,-2.07274,14.0402
-0.866681,1.78909,0,-2.07213,14.0502
-0.8863,1.77479,0,-2.07151,14.0602
-0.90581,1.76026,0,-2.07089,14.0702
-0.925206,1.7455,0,-2.07026,14.0802
-0.944485,1.73051,0,-2.06963,14.0902
-0.963644,1.7153,0,-2.069,14.1002
-0.98268,1.69986,0,-2.06836,14.1102
-1.00159,1.6842,0,-2.06772,14.1202
-1.02037,1.66832,0,-2.06708,14.1302
-1.03902,1.65221,0,-2.06643,14.1402
-1.05753,1.63587,0,-2.06578,14.1502
-1.0759,1.61932,0,-2.06512,14.1602
-1.09412,1.60254,0,-2.06446,14.1702
-1.1122,1.58554,0,-2.0638,14.1802
-1.13014,1.56832,0,-2.06313,14.1902
-1.14791,1.55089,0,-2.06246,14.2002
-1.16554,1.53324,0,-2.06178,14.2102
-1.183,1.51537,0,-2.0611,14.2202
-1.2003,1.49729,0,-2.06042,14.2302
-1.21743,1.47899,0,-2.05974,14.2402
-1.23439,1.46048,0,-2.05905,14.2502
-1.25118,1.44176,0,-2.05835,14.2602
-1.26779,1.42284,0,-2.05766,14.2702
-1.28422,1.4037,0,-2.05696,14.2802
-1.30047,1.38436,0,-2.05626,14.2902
-1.31654,1.36482,0,-2.05555,14.3002
-1.33241,1.34507,0,-2.05484,14.3102
-1.34809,1.32513,0,-2.05413,14.3202
-1.36357,1.30498,0,-2.05341,14.3302
-1.37886,1.28464,0,-2.0527,14.3402
-1.39394,1.26411,0,-2.05197,14.3502
-1.40882,1.24338,0,-2.05125,14.3602
-1.42348,1.22246,0,-2.05052,14.3702
-1.43794,1.20136,0,-2.04979,14.3802
-1.45217,1.18007,0,-2.04906,14.3902
-1.46619,1.1586,0,-2.04832,14.4002
-1.47999,1.13695,0,-2.04759,14.4102
-1.49357,1.11512,0,-2.04685,14.4202
-1.50691,1.09312,0,-2.0461,14.4302
-1.52003,1.07094,0,-2.04536,14.4402
-1.53291,1.0486,0,-2.04461,14.4502
-1.54555,1.02608,0,-2.04386,14.4602
-1.55796,1.00341,0,-2.04311,14.4702
-1.57012,0.980572,0,-2.04235,14.4802
-1.58204,0.957578,0,-2.04159,14.4902
-1.59371,0.93443,0,-2.04084,14.5002
-1.60513,0.91113,0,-2.04007,14.5102
-1.6163,0.887681,0,-2.03931,14.5202
-1.62722,0.864088,0,-2.03855,14.5302
-1.63787,0.840354,0,-2.03778,14.5402
-1.64827,0.816481,0,-2.03701,14.5502
-1.6584,0.792473,0,-2.03624,14.5602
-1.66827,0.768335,0,-2.03547,14.5702
-1.67787,0.744068,0,-2.0347,14.5802
-1.6872,0.719678,0,-2.03393,14.5902
-1.69626,0.695167,0,-2.03315,14.6002
-1.70505,0.67054,0,-2.03238,14.6102
-1.71356,0.645799,0,-2.0316,14.6202
-1.72179,0.62095,0,-2.03082,14.6302
-1.72975,0.595996,0,-2.03004,14.6402
-1.73742,0.57094,0,-2.02927,14.6502
-1.74482,0.545787,0,-2.02848,14.6602
-1.75192,0.520541,0,-2.0277,14.6702
-1.75875,0.495205,0,-2.02692,14.6802
-1.76528,0.469784,0,-2.02614,14.6902
-1.77153,0.444282,0,-2.02536,14.7002
-1.77749,0.418703,0,-2.02458,14.7102
-1.78315,0.393051,0,-2.0238,14.7202
-1.78853,0.36733,0,-2.02301,14.7302
-1.79361,0.341545,0,-2.02223,14.7402
-1.7984,0.315699,0,-2.02145,14.7502
-1.80289,0.289797,0,-2.02067,14.7602
-1.80709,0.263844,0,-2.01989,14.7702
-1.81099,0.237842,0,-2.0191,14.7802
-1.8146,0.211798,0,-2.01832,14.7902
-1.8179,0.185714,0,-2.01754,14.8002
-1.82091,0.159596,0,-2.01676,14.8102
-1.82363,0.133447,0,-2.01599,14.8202
-1.82604,0.107272,0,-2.01521,14.8302
-1.82816,0.0810749,0,-2.01443,14.8402
-1.82998,0.0548606,0,-2.01365,14.8502
-1.83149,0.0286331,0,-2.01288,14.8602
-1.83272,0.00239659,0,-2.01211,14.8702
-1.83364,-0.0238446,0,-2.01133,14.8802
-1.83426,-0.0500861,0,-2.01056,14.8902
-1.83459,-0.0763237,0,-2.00979,14.9002
-1.83462,-0.102553,0,-2.00902,14.9102
-1.83436,-0.128771,0,-2.00826,14.9202
-1.8338,-0.154971,0,-2.00749,14.9302
-1.83294,-0.181151,0,-2.00673,14.9402
-1.83179,-0.207306,0,-2.00597,14.9502
-1.83035,-0.233432,0,-2.00521,14.9602
-1.82861,-0.259526,0,-2.00445,14.9702
-1.82659,-0.285581,0,-2.0037,14.9802
-1.82427,-0.311596,0,-2.00294,14.9902
-1.82166,-0.337566,0,-2.00219,15.0002
-1.81877,-0.363486,0,-2.00144,15.0102
-1.81559,-0.389353,0,-2.0007,15.0202
-1.81212,-0.415163,0,-1.99995,15.0302
-1.80837,-0.440913,0,-1.99921,15.0402
-1.80434,-0.466598,0,-1.99847,15.0502
-1.80003,-0.492214,0,-1.99774,15.0602
-1.79544,-0.517759,0,-1.997,15.0702
-1.79057,-0.543227,0,-1.99627,15.0802
-1.78543,-0.568617,0,-1.99555,15.0903
-1.78001,-0.593923,0,-1.99482,15.1003
-1.77432,-0.619143,0,-1.9941,15.1103
-1.76837,-0.644273,0,-1.99338,15.1203
-1.76214,-0.66931,0,-1.99266,15.1303
-1.75565,-0.69425,0,-1.99195,15.1403
-1.7489,-0.71909,0,-1.99124,15.1503
-1.74189,-0.743827,0,-1.99054,15.1603
-1.73462,-0.768458,0,-1.98984,15.1703
-1.72709,-0.792979,0,-1.98914,15.1803
-1.71931,-0.817388,0,-1.98844,15.1903
-1.71127,-0.841681,0,-1.98775,15.2003
-1.70299,-0.865856,0,-1.98706,15.2103
-1.69446,-0.889909,0,-1.98637,15.2203
-1.68568,-0.913838,0,-1.98569,15.2303
-1.67667,-0.937641,0,-1.98501,15.2403
-1.66741,-0.961313,0,-1.98434,15.2503
-1.65792,-0.984854,0,-1.98367,15.2603
-1.6482,-1.00826,0,-1.983,15.2703
-1.63824,-1.03153,0,-1.98234,15.2803
-1.62805,-1.05466,0,-1.98168,15.2903
-1.61764,-1.07764,0,-1.98102,15.3003
-1.60701,-1.10048,0,-1.98037,15.3103
-1.59615,-1.12318,0,-1.97973,15.3203
-1.58508,-1.14572,0,-1.97908,15.3303
-1.5738,-1.16812,0,-1.97844,15.3403
-1.5623,-1.19036,0,-1.97781,15.3503
-1.55059,-1.21245,0,-1.97717,15.3603
-1.53868,-1.23438,0,-1.97655,15.3703
-1.52656,-1.25615,0,-1.97592,15.3803
-1.51424,-1.27776,0,-1.9753,15.3903
-1.50173,-1.29921,0,-1.97469,15.4003
-1.48902,-1.32049,0,-1.97408,15.4103
-1.47612,-1.34161,0,-1.97347,15.4203
-1.46303,-1.36255,0,-1.97287,15.4303
-1.44975,-1.38333,0,-1.97227,15.4403
-1.43629,-1.40394,0,-1.97167,15.4503
-1.42265,-1.42438,0,-1.97108,15.4603
-1.40884,-1.44465,0,-1.9705,15.4703
-1.39485,-1.46474,0,-1.96991,15.4803
-1.38068,-1.48465,0,-1.96934,15.4903
-1.36635,-1.50439,0,-1.96876,15.5003
-1.35185,-1.52395,0,-1.96819,15.5103
-1.3372,-1.54333,0,-1.96763,15.5203
-1.32238,-1.56253,0,-1.96707,15.5303
-1.3074,-1.58155,0,-1.96651,15.5403
-1.29227,-1.60038,0,-1.96596,15.5503
-1.27699,-1.61904,0,-1.96541,15.5603
-1.26156,-1.63751,0,-1.96486,15.5703
-1.24598,-1.65579,0,-1.96432,15.5803
-1.23026,-1.67389,0,-1.96379,15.5903
-1.2144,-1.6918,0,-1.96326,15.6003
-1.19841,-1.70953,0,-1.96273,15.6103
-1.18227,-1.72707,0,-1.96221,15.6203
-1.16601,-1.74442,0,-1.96169,15.6303
-1.14962,-1.76158,0,-1.96117,15.6403
-1.1331,-1.77856,0,-1.96066,15.6503
-1.11646,-1.79534,0,-1.96015,15.6603
-1.0997,-1.81194,0,-1.95965,15.6703
-1.08282,-1.82834,0,-1.95915,15.6803
-1.06582,-1.84456,0,-1.95865,15.6903
-1.04872,-1.86058,0,-1.95816,15.7003
-1.0315,-1.87641,0,-1.95768,15.7103
-1.01417,-1.89206,0,-1.95719,15.7203
-0.99674,-1.90751,0,-1.95671,15.7303
-0.979207,-1.92277,0,-1.95624,15.7403
-0.961573,-1.93784,0,-1.95577,15.7503
-0.943841,-1.95271,0,-1.9553,15.7603
-0.926015,-1.9674,0,-1.95484,15.7703
-0.908096,-1.9819,0,-1.95438,15.7803
-0.890087,-1.9962,0,-1.95392,15.7903
-0.871991,-2.01031,0,-1.95347,15.8003
-0.853809,-2.02423,0,-1.95302,15.8103
-0.835544,-2.03796,0,-1.95258,15.8203
-0.817199,-2.0515,0,-1.95214,15.8303
-0.798776,-2.06485,0,-1.9517,15.8403
-0.780277,-2.07801,0,-1.95127,15.8503
-0.761704,-2.09097,0,-1.95084,15.8603
-0.74306,-2.10375,0,-1.95042,15.8703
-0.724346,-2.11634,0,-1.94999,15.8803
-0.705566,-2.12874,0,-1.94958,15.8903
-0.686721,-2.14095,0,-1.94916,15.9003
-0.667814,-2.15297,0,-1.94875,15.9103
-0.648846,-2.1648,0,-1.94834,15.9203
-0.629819,-2.17644,0,-1.94794,15.9303
-0.610737,-2.1879,0,-1.94754,15.9403
-0.5916,-2.19917,0,-1.94714,15.9503
-0.572412,-2.21025,0,-1.94675,15.9603
-0.553173,-2.22115,0,-1.94636,15.9703
-0.533886,-2.23186,0,-1.94597,15.9803
-0.514553,-2.24238,0,-1.94559,15.9903
-0.495176,-2.25272,0,-1.94521,16.0003
-0.475756,-2.26288,0,-1.94483,16.0103
-0.456297,-2.27285,0,-1.94445,16.0203
-0.436798,-2.28264,0,-1.94408,16.0303
-0.417263,-2.29225,0,-1.94372,16.0403
-0.397694,-2.30168,0,-1.94335,16.0503
-0.378091,-2.31092,0,-1.94299,16.0603
-0.358457,-2.31999,0,-1.94263,16.0703
-0.338794,-2.32887,0,-1.94228,16.0803
-0.319103,-2.33757,0,-1.94193,16.0903
-0.299386,-2.3461,0,-1.94158,16.1003
-0.279644,-2.35445,0,-1.94123,16.1103
-0.259881,-2.36262,0,-1.94089,16.1203
-0.240096,-2.37061,0,-1.94055,16.1303
-0.220291,-2.37843,0,-1.94021,16.1403
-0.200469,-2.38607,0,-1.93988,16.1503
-0.180631,-2.39354,0,-1.93955,16.1603
-0.160778,-2.40084,0,-1.93922,16.1703
-0.140912,-2.40796,0,-1.93889,16.1803
-0.121035,-2.41491,0,-1.93857,16.1903
-0.101148,-2.42169,0,-1.93825,16.2003
-0.0812515,-2.42829,0,-1.93793,16.2103
-0.0613484,-2.43473,0,-1.93762,16.2203
-0.0414396,-2.441,0,-1.93731,16.2303
-0.0215266,-2.4471,0,-1.937,16.2403
-0.00161069,-2.45303,0,-1.93669,16.2503
0.0183066,-2.45879,0,-1.93639,16.2603
0.0382241,-2.46439,0,-1.93609,16.2703
0.0581403,-2.46982,0,-1.93579,16.2803
0.078054,-2.47509,0,-1.93549,16.2903
0.0979638,-2.48019,0,-1.9352,16.3003
0.117868,-2.48513,0,-1.93491,16.3103
0.137767,-2.48991,0,-1.93462,16.3203
0.157657,-2.49453,0,-1.93433,16.3303
0.177539,-2.49899,0,-1.93405,16.3403
0.197411,-2.50328,0,-1.93377,16.3503
0.217271,-2.50742,0,-1.93349,16.3603
0.237119,-2.5114,0,-1.93321,16.3703
0.256953,-2.51523,0,-1.93293,16.3803
0.276773,-2.51889,0,-1.93266,16.3903
0.296576,-2.5224,0,-1.93239,16.4003
0.316363,-2.52576,0,-1.93212,16.4103
0.336131,-2.52896,0,-1.93186,16.4203
0.35588,-2.53201,0,-1.93159,16.4303
0.37561,-2.53491,0,-1.93133,16.4403
0.395317,-2.53765,0,-1.93107,16.4503
0.415003,-2.54025,0,-1.93081,16.4603
0.434665,-2.54269,0,-1.93056,16.4703
0.454303,-2.54499,0,-1.93031,16.4803
0.473915,-2.54714,0,-1.93005,16.4903
0.493501,-2.54914,0,-1.9298,16.5003
0.51306,-2.55099,0,-1.92956,16.5103
0.532591,-2.5527,0,-1.92931,16.5203
0.552092,-2.55426,0,-1.92907,16.5303
0.571564,-2.55568,0,-1.92883,16.5403
0.591004,-2.55696,0,-1.92859,16.5503
0.610413,-2.55809,0,-1.92835,16.5603
0.629789,-2.55908,0,-1.92811,16.5703
0.649132,-2.55994,0,-1.92788,16.5803
0.66844,-2.56065,0,-1.92765,16.5903
0.687713,-2.56122,0,-1.92742,16.6003
0.70695,-2.56166,0,-1.92719,16.6103
0.726149,-2.56195,0,-1.92696,16.6203
0.745312,-2.56212,0,-1.92674,16.6303
0.764436,-2.56214,0,-1.92651,16.6403
0.78352,-2.56203,0,-1.92629,16.6503
0.802565,-2.56179,0,-1.92607,16.6603
0.821569,-2.56141,0,-1.92585,16.6703
0.840531,-2.5609,0,-1.92564,16.6803
0.859451,-2.56026,0,-1.92542,16.6903
0.878328,-2.55949,0,-1.92521,16.7003
0.897162,-2.55859,0,-1.92499,16.7103
0.915951,-2.55756,0,-1.92478,16.7203
0.934695,-2.5564,0,-1.92458,16.7303
0.953394,-2.55511,0,-1.92437,16.7403
0.972046,-2.5537,0,-1.92416,16.7503
0.990651,-2.55216,0,-1.92396,16.7603
1.00921,-2.5505,0,-1.92376,16.7703
1.02772,-2.54871,0,-1.92355,16.7803
1.04618,-2.5468,0,-1.92335,16.7903
1.06459,-2.54476,0,-1.92316,16.8003
1.08295,-2.5426,0,-1.92296,16.8103
1.10126,-2.54033,0,-1.92276,16.8203
1.11952,-2.53793,0,-1.92257,16.8303
1.13773,-2.53541,0,-1.92238,16.8403
1.15588,-2.53277,0,-1.92218,16.8503
1.17398,-2.53001,0,-1.92199,16.8603
1.19203,-2.52714,0,-1.9218,16.8703
1.21002,-2.52415,0,-1.92162,16.8803
1.22796,-2.52105,0,-1.92143,16.8903
1.24585,-2.51783,0,-1.92125,16.9003
1.26367,-2.51449,0,-1.92106,16.9103
1.28145,-2.51104,0,-1.92088,16.9203
1.29916,-2.50748,0,-1.9207,16.9303
1.31682,-2.50381,0,-1.92052,16.9403
1.33442,-2.50002,0,-1.92034,16.9503
1.35196,-2.49613,0,-1.92016,16.9603
1.36945,-2.49212,0,-1.91998,16.9703
1.38687,-2.48801,0,-1.91981,16.9803
1.40424,-2.48379,0,-1.91963,16.9903
1.42154,-2.47946,0,-1.91946,17.0003
1.43878,-2.47502,0,-1.91929,17.0103
1.45597,-2.47048,0,-1.91912,17.0203
1.47309,-2.46583,0,-1.91895,17.0303
1.49015,-2.46107,0,-1.91878,17.0403
1.50715,-2.45622,0,-1.91861,17.0503
1.52409,-2.45125,0,-1.91845,17.0603
1.54096,-2.44619,0,-1.91828,17.0703
1.55777,-2.44103,0,-1.91812,17.0803
1.57451,-2.43576,0,-1.91795,17.0903
1.59119,-2.43039,0,-1.91779,17.1003
1.60781,-2.42492,0,-1.91763,17.1103
1.62436,-2.41936,0,-1.91747,17.1203
1.64085,-2.41369,0,-1.91731,17.1303
1.65727,-2.40793,0,-1.91715,17.1403
1.67363,-2.40207,0,-1.91699,17.1503
1.68992,-2.39611,0,-1.91684,17.1603
1.70614,-2.39006,0,-1.91668,17.1703
1.72229,-2.38392,0,-1.91653,17.1803
1.73838,-2.37768,0,-1.91637,17.1903
1.7544,-2.37134,0,-1.91622,17.2003
1.77035,-2.36491,0,-1.91607,17.2103
1.78624,-2.35839,0,-1.91592,17.2203
1.80205,-2.35178,0,-1.91577,17.2303
1.8178,-2.34508,0,-1.91562,17.2403
1.83347,-2.33828,0,-1.91547,17.2503
1.84908,-2.3314,0,-1.91532,17.2603
1.86462,-2.32443,0,-1.91518,17.2703
1.88009,-2.31737,0,-1.91503,17.2803
1.89548,-2.31022,0,-1.91488,17.2903
1.91081,-2.30298,0,-1.91474,17.3003
1.92606,-2.29566,0,-1.9146,17.3103
1.94125,-2.28825,0,-1.91445,17.3203
1.95636,-2.28076,0,-1.91431,17.3303
1.9714,-2.27318,0,-1.91417,17.3403
1.98637,-2.26552,0,-1.91403,17.3503
2.00126,-2.25777,0,-1.91389,17.3603
2.01608,-2.24994,0,-1.91375,17.3703
2.03083,-2.24203,0,-1.91361,17.3803
2.04551,-2.23404,0,-1.91348,17.3903
2.06011,-2.22596,0,-1.91334,17.4003
2.07464,-2.21781,0,-1.9132,17.4103
2.0891,-2.20958,0,-1.91307,17.4203
2.10348,-2.20126,0,-1.91293,17.4303
2.11779,-2.19287,0,-1.9128,17.4403
2.13202,-2.1844,0,-1.91266,17.4503
2.14618,-2.17585,0,-1.91253,17.4603
2.16027,-2.16723,0,-1.9124,17.4703
2.17427,-2.15853,0,-1.91227,17.4803
2.18821,-2.14975,0,-1.91214,17.4903
2.20206,-2.1409,0,-1.91201,17.5003
2.21585,-2.13198,0,-1.91188,17.5103
2.22955,-2.12298,0,-1.91175,17.5203
2.24318,-2.11391,0,-1.91162,17.5303
2.25673,-2.10476,0,-1.91149,17.5403
2.27021,-2.09554,0,-1.91137,17.5503
2.28361,-2.08626,0,-1.91124,17.5603
2.29693,-2.0769,0,-1.91112,17.5703
2.31018,-2.06746,0,-1.91099,17.5803
2.32335,-2.05796,0,-1.91087,17.5903
2.33644,-2.04839,0,-1.91074,17.6003
2.34945,-2.03876,0,-1.91062,17.6103
2.36238,-2.02905,0,-1.9105,17.6203
2.37524,-2.01927,0,-1.91037,17.6303
2.38802,-2.00943,0,-1.91025,17.6403
2.40072,-1.99952,0,-1.91013,17.6503
2.41334,-1.98955,0,-1.91001,17.6603
2.42588,-1.97951,0,-1.90989,17.6703
2.43835,-1.9694,0,-1.90977,17.6803
2.45073,-1.95923,0,-1.90965,17.6903
2.46304,-1.949,0,-1.90953,17.7003
2.47527,-1.9387,0,-1.90941,17.7103
2.48741,-1.92834,0,-1.9093,17.7203
2.49948,-1.91792,0,-1.90918,17.7303
2.51147,-1.90744,0,-1.90906,17.7403
2.52338,-1.89689,0,-1.90895,17.7503
2.5352,-1.88628,0,-1.90883,17.7603
2.54695,-1.87562,0,-1.90872,17.7703
2.55862,-1.86489,0,-1.9086,17.7803
2.5702,-1.85411,0,-1.90849,17.7903
2.58171,-1.84326,0,-1.90837,17.8003
2.59314,-1.83236,0,-1.90826,17.8103
2.60448,-1.8214,0,-1.90815,17.8203
2.61574,-1.81038,0,-1.90803,17.8303
2.62693,-1.79931,0,-1.90792,17.8403
2.63803,-1.78817,0,-1.90781,17.8503
2.64905,-1.77699,0,-1.9077,17.8603
2.65998,-1.76575,0,-1.90759,17.8703
2.67084,-1.75445,0,-1.90748,17.8803
2.68162,-1.7431,0,-1.90737,17.8903
2.69231,-1.7317,0,-1.90726,17.9003
2.70292,-1.72024,0,-1.90715,17.9103
2.71345,-1.70873,0,-1.90704,17.9203
2.72389,-1.69716,0,-1.90693,17.9303
2.73426,-1.68555,0,-1.90682,17.9403
2.74454,-1.67388,0,-1.90671,17.9503
2.75474,-1.66217,0,-1.90661,17.9603
2.76486,-1.6504,0,-1.9065,17.9703
2.77489,-1.63858,0,-1.90639,17.9803
2.78484,-1.62672,0,-1.90629,17.9903
2.79471,-1.6148,0,-1.90618,18.0003
2.8045,-1.60284,0,-1.90607,18.0103
2.8142,-1.59082,0,-1.90597,18.0203
2.82382,-1.57876,0,-1.90586,18.0303
2.83335,-1.56666,0,-1.90576,18.0403
2.84281,-1.5545,0,-1.90566,18.0503
2.85217,-1.54231,0,-1.90555,18.0603
2.86146,-1.53006,0,-1.90545,18.0703
2.87066,-1.51777,0,-1.90534,18.0803
2.87978,-1.50543,0,-1.90524,18.0903
2.88881,-1.49306,0,-1.90514,18.1003
2.89776,-1.48063,0,-1.90504,18.1103
2.90663,-1.46816,0,-1.90493,18.1203
2.91541,-1.45566,0,-1.90483,18.1303
2.92411,-1.4431,0,-1.90473,18.1403
2.93272,-1.43051,0,-1.90463,18.1503
2.94125,-1.41787,0,-1.90453,18.1603
2.9497,-1.4052,0,-1.90443,18.1703
2.95806,-1.39248,0,-1.90433,18.1803
2.96633,-1.37972,0,-1.90423,18.1903
2.97452,-1.36692,0,-1.90413,18.2003
2.98263,-1.35408,0,-1.90403,18.2103
2.99065,-1.34121,0,-1.90393,18.2203
2.99859,-1.32829,0,-1.90383,18.2303
3.00644,-1.31534,0,-1.90373,18.2403
3.01421,-1.30235,0,-1.90363,18.2503
3.02189,-1.28932,0,-1.90353,18.2603
3.02949,-1.27626,0,-1.90344,18.2703
3.037,-1.26316,0,-1.90334,18.2803
3.04442,-1.25002,0,-1.90324,18.2903
3.05176,-1.23685,0,-1.90314,18.3003
3.05902,-1.22364,0,-1.90305,18.3103
3.06619,-1.2104,0,-1.90295,18.3203
3.07327,-1.19712,0,-1.90285,18.3303
3.08027,-1.18381,0,-1.90276,18.3403
3.08719,-1.17047,0,-1.90266,18.3503
3.09401,-1.15709,0,-1.90256,18.3603
3.10075,-1.14368,0,-1.90247,18.3703
3.10741,-1.13024,0,-1.90237,18.3803
3.11398,-1.11677,0,-1.90228,18.3903
3.12046,-1.10326,0,-1.90218,18.4003
3.12686,-1.08973,0,-1.90209,18.4103
3.13317,-1.07616,0,-1.90199,18.4203
3.1394,-1.06257,0,-1.9019,18.4303
3.14554,-1.04894,0,-1.9018,18.4403
3.15159,-1.03529,0,-1.90171,18.4503
3.15756,-1.02161,0,-1.90161,18.4603
3.16344,-1.00789,0,-1.90152,18.4703
3.16923,-0.994155,0,-1.90142,18.4803
3.17494,-0.980388,0,-1.90133,18.4903
3.18056,-0.966594,0,-1.90124,18.5003
3.1861,-0.952773,0,-1.90114,18.5103
3.19155,-0.938926,0,-1.90105,18.5203
3.19691,-0.925054,0,-1.90096,18.5303
3.20218,-0.911155,0,-1.90086,18.5403
3.20737,-0.897232,0,-1.90077,18.5503
3.21247,-0.883284,0,-1.90068,18.5603
3.21749,-0.869311,0,-1.90059,18.5703
3.22241,-0.855315,0,-1.90049,18.5803
3.22726,-0.841295,0,-1.9004,18.5903
3.23201,-0.827252,0,-1.90031,18.6003
3.23668,-0.813187,0,-1.90022,18.6103
3.24126,-0.799099,0,-1.90013,18.6203
3.24575,-0.784989,0,-1.90003,18.6303
3.25015,-0.770858,0,-1.89994,18.6403
3.25447,-0.756706,0,-1.89985,18.6503
3.2587,-0.742533,0,-1.89976,18.6603
3.26285,-0.72834,0,-1.89967,18.6703
3.2669,-0.714127,0,-1.89958,18.6803
3.27087,-0.699894,0,-1.89949,18.6903
3.27476,-0.685643,0,-1.89939,18.7003
3.27855,-0.671372,0,-1.8993,18.7103
3.28226,-0.657084,0,-1.89921,18.7203
3.28588,-0.642777,0,-1.89912,18.7303
3.28941,-0.628453,0,-1.89903,18.7403
3.29285,-0.614112,0,-1.89894,18.7503
3.29621,-0.599754,0,-1.89885,18.7603
3.29948,-0.585379,0,-1.89876,18.7703
3.30266,-0.570989,0,-1.89867,18.7803
3.30576,-0.556583,0,-1.89858,18.7903
3.30876,-0.542162,0,-1.89849,18.8003
3.31168,-0.527726,0,-1.8984,18.8103
3.31451,-0.513276,0,-1.89831,18.8203
3.31726,-0.498812,0,-1.89822,18.8303
3.31991,-0.484334,0,-1.89813,18.8403
3.32248,-0.469843,0,-1.89804,18.8503
3.32496,-0.45534,0,-1.89795,18.8603
3.32735,-0.440823,0,-1.89786,18.8703
3.32965,-0.426295,0,-1.89777,18.8803
3.33187,-0.411755,0,-1.89768,18.8903
3.334,-0.397204,0,-1.89759,18.9003
3.33604,-0.382642,0,-1.8975,18.9103
3.33799,-0.368069,0,-1.89741,18.9203
3.33985,-0.353487,0,-1.89732,18.9303
3.34163,-0.338894,0,-1.89723,18.9403
3.34331,-0.324292,0,-1.89714,18.9503
3.34491,-0.309682,0,-1.89705,18.9603
3.34642,-0.295063,0,-1.89696,18.9703
3.34785,-0.280435,0,-1.89687,18.9803
3.34918,-0.2658,0,-1.89679,18.9903
3.35043,-0.251157,0,-1.8967,19.0003
3.35158,-0.236508,0,-1.89661,19.0103
3.35265,-0.221852,0,-1.89652,19.0203
3.35363,-0.207189,0,-1.89643,19.0303
3.35452,-0.192521,0,-1.89634,19.0403
3.35533,-0.177847,0,-1.89625,19.0503
3.35604,-0.163168,0,-1.89616,19.0603
3.35667,-0.148485,0,-1.89607,19.0703
3.35721,-0.133797,0,-1.89598,19.0803
3.35766,-0.119105,0,-1.89589,19.0903
3.35802,-0.10441,0,-1.8958,19.1003
3.35829,-0.0897115,0,-1.89571,19.1103
3.35848,-0.0750103,0,-1.89563,19.1203
3.35858,-0.0603068,0,-1.89554,19.1303
3.35858,-0.0456013,0,-1.89545,19.1403
3.3585,-0.0308942,0,-1.89536,19.1503
3.35833,-0.0161859,0,-1.89527,19.1603
3.35807,-0.00147677,0,-1.89518,19.1703
3.35773,0.0132328,0,-1.89509,19.1803
3.35729,0.0279424,0,-1.895,19.1903
3.35677,0.0426516,0,-1.89491,19.2003
3.35615,0.0573601,0,-1.89482,19.2103
3.35545,0.0720674,0,-1.89473,19.2203
3.35466,0.0867733,0,-1.89464,19.2303
3.35378,0.101477,0,-1.89455,19.2403
3.35281,0.116179,0,-1.89446,19.2503
3.35175,0.130878,0,-1.89437,19.2603
3.35061,0.145574,0,-1.89428,19.2703
3.34937,0.160266,0,-1.89419,19.2803
3.34805,0.174955,0,-1.8941,19.2903
3.34664,0.189639,0,-1.89401,19.3003
3.34514,0.204319,0,-1.89392,19.3103
3.34355,0.218993,0,-1.89383,19.3203
3.34187,0.233663,0,-1.89374,19.3303
3.3401,0.248326,0,-1.89365,19.3403
3.33824,0.262983,0,-1.89356,19.3503
3.3363,0.277634,0,-1.89347,19.3603
3.33426,0.292277,0,-1.89338,19.3703
3.33214,0.306913,0,-1.89329,19.3803
3.32993,0.321542,0,-1.8932,19.3903
3.32763,0.336162,0,-1.89311,19.4003
3.32524,0.350773,0,-1.89302,19.4103
3.32276,0.365376,0,-1.89293,19.4203
3.32019,0.379969,0,-1.89284,19.4303
3.31753,0.394553,0,-1.89274,19.4403
3.31479,0.409126,0,-1.89265,19.4503
3.31195,0.423689,0,-1.89256,19.4604
3.30903,0.43824,0,-1.89247,19.4704
3.30602,0.452781,0,-1.89238,19.4804
3.30291,0.467309,0,-1.89229,19.4904
3.29972,0.481825,0,-1.8922,19.5004
3.29644,0.496329,0,-1.8921,19.5104
3.29307,0.51082,0,-1.89201,19.5204
3.28962,0.525297,0,-1.89192,19.5304
3.28607,0.539761,0,-1.89183,19.5404
3.28243,0.55421,0,-1.89173,19.5504
3.27871,0.568645,0,-1.89164,19.5604
3.2749,0.583065,0,-1.89155,19.5704
3.27099,0.597469,0,-1.89146,19.5804
3.267,0.611857,0,-1.89136,19.5904
3.26292,0.62623,0,-1.89127,19.6004
3.25875,0.640585,0,-1.89118,19.6104
3.25449,0.654923,0,-1.89108,19.6204
3.25015,0.669244,0,-1.89099,19.6304
3.24571,0.683547,0,-1.8909,19.6404
3.24118,0.697832,0,-1.8908,19.6504
3.23657,0.712098,0,-1.89071,19.6604
3.23187,0.726345,0,-1.89061,19.6704
3.22707,0.740572,0,-1.89052,19.6804
3.22219,0.75478,0,-1.89042,19.6904
3.21722,0.768967,0,-1.89033,19.7004
3.21216,0.783133,0,-1.89023,19.7104
3.20702,0.797278,0,-1.89014,19.7204
3.20178,0.811401,0,-1.89004,19.7304
3.19645,0.825502,0,-1.88995,19.7404
3.19104,0.83958,0,-1.88985,19.7504
3.18554,0.853636,0,-1.88976,19.7604
3.17994,0.867668,0,-1.88966,19.7704
3.17426,0.881677,0,-1.88956,19.7804
3.16849,0.895661,0,-1.88947,19.7904
3.16263,0.90962,0,-1.88937,19.8004
3.15669,0.923555,0,-1.88927,19.8104
3.15065,0.937464,0,-1.88918,19.8204
3.14453,0.951347,0,-1.88908,19.8304
3.13831,0.965203,0,-1.88898,19.8404
3.13201,0.979033,0,-1.88888,19.8504
3.12562,0.992836,0,-1.88879,19.8604
3.11914,1.00661,0,-1.88869,19.8704
3.11257,1.02036,0,-1.88859,19.8804
3.10592,1.03408,0,-1.88849,19.8904
3.09917,1.04776,0,-1.88839,19.9004
3.09234,1.06142,0,-1.88829,19.9104
3.08541,1.07505,0,-1.88819,19.9204
3.0784,1.08865,0,-1.88809,19.9304
3.0713,1.10222,0,-1.88799,19.9404
3.06412,1.11576,0,-1.88789,19.9504
3.05684,1.12926,0,-1.88779,19.9604
3.04948,1.14274,0,-1.88769,19.9704
3.04202,1.15618,0,-1.88759,19.9804
3.03448,1.16958,0,-1.88749,19.9904
